Player,Player-additional,Wt.
Sim Bhullar,bhullsi01,360
Garth Joseph,josepga01,315
Tacko Fall,fallta01,311
Tacko Fall,fallta01,311
Tacko Fall,fallta01,311
Yao Ming,mingya01,310
Yao Ming,mingya01,310
Yao Ming,mingya01,310
Yao Ming,mingya01,310
Yao Ming,mingya01,310
Yao Ming,mingya01,310
Yao Ming,mingya01,310
Yao Ming,mingya01,310
Nikola Peković,pekovni01,307
Nikola Peković,pekovni01,307
Nikola Peković,pekovni01,307
Nikola Peković,pekovni01,307
Nikola Peković,pekovni01,307
Nikola Peković,pekovni01,307
Ha Seung-Jin,seungha01,305
Ha Seung-Jin,seungha01,305
Gheorghe Mureșan,muresgh01,303
Gheorghe Mureșan,muresgh01,303
Gheorghe Mureșan,muresgh01,303
Gheorghe Mureșan,muresgh01,303
Gheorghe Mureșan,muresgh01,303
Gheorghe Mureșan,muresgh01,303
DeSagana Diop,diopde01,300
DeSagana Diop,diopde01,300
DeSagana Diop,diopde01,300
DeSagana Diop,diopde01,300
DeSagana Diop,diopde01,300
DeSagana Diop,diopde01,300
DeSagana Diop,diopde01,300
DeSagana Diop,diopde01,300
DeSagana Diop,diopde01,300
DeSagana Diop,diopde01,300
DeSagana Diop,diopde01,300
DeSagana Diop,diopde01,300
Mengke Bateer,bateeme01,290
Mengke Bateer,bateeme01,290
Mengke Bateer,bateeme01,290
Boban Marjanović,marjabo01,290
Boban Marjanović,marjabo01,290
Boban Marjanović,marjabo01,290
Boban Marjanović,marjabo01,290
Boban Marjanović,marjabo01,290
Boban Marjanović,marjabo01,290
Boban Marjanović,marjabo01,290
Boban Marjanović,marjabo01,290
Boban Marjanović,marjabo01,290
Jusuf Nurkić,nurkiju01,290
Jusuf Nurkić,nurkiju01,290
Jusuf Nurkić,nurkiju01,290
Jusuf Nurkić,nurkiju01,290
Jusuf Nurkić,nurkiju01,290
Jusuf Nurkić,nurkiju01,290
Jusuf Nurkić,nurkiju01,290
Jusuf Nurkić,nurkiju01,290
Jusuf Nurkić,nurkiju01,290
Jusuf Nurkić,nurkiju01,290
Kyrylo Fesenko,fesenky01,288
Kyrylo Fesenko,fesenky01,288
Kyrylo Fesenko,fesenky01,288
Kyrylo Fesenko,fesenky01,288
Kyrylo Fesenko,fesenky01,288
Horacio Llamas,llamaho01,285
Horacio Llamas,llamaho01,285
Kevin Séraphin,serapke01,285
Kevin Séraphin,serapke01,285
Kevin Séraphin,serapke01,285
Kevin Séraphin,serapke01,285
Kevin Séraphin,serapke01,285
Kevin Séraphin,serapke01,285
Kevin Séraphin,serapke01,285
Jake Tsakalidis,tsakaja01,285
Jake Tsakalidis,tsakaja01,285
Jake Tsakalidis,tsakaja01,285
Jake Tsakalidis,tsakaja01,285
Jake Tsakalidis,tsakaja01,285
Jake Tsakalidis,tsakaja01,285
Jake Tsakalidis,tsakaja01,285
Nikola Jokić,jokicni01,284
Nikola Jokić,jokicni01,284
Nikola Jokić,jokicni01,284
Nikola Jokić,jokicni01,284
Nikola Jokić,jokicni01,284
Nikola Jokić,jokicni01,284
Nikola Jokić,jokicni01,284
Nikola Jokić,jokicni01,284
Nikola Jokić,jokicni01,284
Rafael Araújo,araujra01,280
Rafael Araújo,araujra01,280
Rafael Araújo,araujra01,280
Udoka Azubuike,azubuud01,280
Udoka Azubuike,azubuud01,280
Udoka Azubuike,azubuud01,280
Udoka Azubuike,azubuud01,280
Joel Embiid,embiijo01,280
Joel Embiid,embiijo01,280
Joel Embiid,embiijo01,280
Joel Embiid,embiijo01,280
Joel Embiid,embiijo01,280
Joel Embiid,embiijo01,280
Joel Embiid,embiijo01,280
Joel Embiid,embiijo01,280
Andreas Glyniadakis,glynian01,280
Nathan Jawai,jawaina01,280
Nathan Jawai,jawaina01,280
Todd MacCulloch,maccuto01,280
Todd MacCulloch,maccuto01,280
Todd MacCulloch,maccuto01,280
Todd MacCulloch,maccuto01,280
Vitaly Potapenko,potapvi01,280
Vitaly Potapenko,potapvi01,280
Vitaly Potapenko,potapvi01,280
Vitaly Potapenko,potapvi01,280
Vitaly Potapenko,potapvi01,280
Vitaly Potapenko,potapvi01,280
Vitaly Potapenko,potapvi01,280
Vitaly Potapenko,potapvi01,280
Vitaly Potapenko,potapvi01,280
Vitaly Potapenko,potapvi01,280
Vitaly Potapenko,potapvi01,280
Arvydas Sabonis,sabonar01,279
Arvydas Sabonis,sabonar01,279
Arvydas Sabonis,sabonar01,279
Arvydas Sabonis,sabonar01,279
Arvydas Sabonis,sabonar01,279
Arvydas Sabonis,sabonar01,279
Arvydas Sabonis,sabonar01,279
Radisav Ćurčić,curcira01,275
James Donaldson,donalja01,275
James Donaldson,donalja01,275
James Donaldson,donalja01,275
James Donaldson,donalja01,275
James Donaldson,donalja01,275
James Donaldson,donalja01,275
James Donaldson,donalja01,275
James Donaldson,donalja01,275
James Donaldson,donalja01,275
James Donaldson,donalja01,275
James Donaldson,donalja01,275
James Donaldson,donalja01,275
James Donaldson,donalja01,275
James Donaldson,donalja01,275
Maciej Lampe,lampema01,275
Maciej Lampe,lampema01,275
Maciej Lampe,lampema01,275
Timofey Mozgov,mozgoti01,275
Timofey Mozgov,mozgoti01,275
Timofey Mozgov,mozgoti01,275
Timofey Mozgov,mozgoti01,275
Timofey Mozgov,mozgoti01,275
Timofey Mozgov,mozgoti01,275
Timofey Mozgov,mozgoti01,275
Timofey Mozgov,mozgoti01,275
Peter John Ramos,ramospe01,275
Slavko Vraneš,vranesl01,275
Anderson Varejão,varejan01,273
Anderson Varejão,varejan01,273
Anderson Varejão,varejan01,273
Anderson Varejão,varejan01,273
Anderson Varejão,varejan01,273
Anderson Varejão,varejan01,273
Anderson Varejão,varejan01,273
Anderson Varejão,varejan01,273
Anderson Varejão,varejan01,273
Anderson Varejão,varejan01,273
Anderson Varejão,varejan01,273
Anderson Varejão,varejan01,273
Anderson Varejão,varejan01,273
Anderson Varejão,varejan01,273
Esteban Batista,batises01,270
Esteban Batista,batises01,270
Predrag Drobnjak,drobnpr01,270
Predrag Drobnjak,drobnpr01,270
Predrag Drobnjak,drobnpr01,270
Predrag Drobnjak,drobnpr01,270
Obinna Ekezie,ekeziob01,270
Obinna Ekezie,ekeziob01,270
Obinna Ekezie,ekeziob01,270
Obinna Ekezie,ekeziob01,270
Cristiano Felício,feliccr01,270
Cristiano Felício,feliccr01,270
Cristiano Felício,feliccr01,270
Cristiano Felício,feliccr01,270
Cristiano Felício,feliccr01,270
Cristiano Felício,feliccr01,270
Zaza Pachulia,pachuza01,270
Zaza Pachulia,pachuza01,270
Zaza Pachulia,pachuza01,270
Zaza Pachulia,pachuza01,270
Zaza Pachulia,pachuza01,270
Zaza Pachulia,pachuza01,270
Zaza Pachulia,pachuza01,270
Zaza Pachulia,pachuza01,270
Zaza Pachulia,pachuza01,270
Zaza Pachulia,pachuza01,270
Zaza Pachulia,pachuza01,270
Zaza Pachulia,pachuza01,270
Zaza Pachulia,pachuza01,270
Zaza Pachulia,pachuza01,270
Zaza Pachulia,pachuza01,270
Zaza Pachulia,pachuza01,270
Rubén Wolkowyski,wolkoru01,270
Rubén Wolkowyski,wolkoru01,270
Michael Olowokandi,olowomi01,269
Michael Olowokandi,olowomi01,269
Michael Olowokandi,olowomi01,269
Michael Olowokandi,olowomi01,269
Michael Olowokandi,olowomi01,269
Michael Olowokandi,olowomi01,269
Michael Olowokandi,olowomi01,269
Michael Olowokandi,olowomi01,269
Michael Olowokandi,olowomi01,269
Ante Žižić,zizican01,266
Ante Žižić,zizican01,266
Ante Žižić,zizican01,266
Steven Adams,adamsst01,265
Steven Adams,adamsst01,265
Steven Adams,adamsst01,265
Steven Adams,adamsst01,265
Steven Adams,adamsst01,265
Steven Adams,adamsst01,265
Steven Adams,adamsst01,265
Steven Adams,adamsst01,265
Steven Adams,adamsst01,265
Steven Adams,adamsst01,265
Mark Bradtke,bradtma01,265
Charles Claxton,claxtch01,265
Yinka Dare,dareyi01,265
Yinka Dare,dareyi01,265
Yinka Dare,dareyi01,265
Yinka Dare,dareyi01,265
Alvin Jones,jonesal01,265
Luc Longley,longllu01,265
Luc Longley,longllu01,265
Luc Longley,longllu01,265
Luc Longley,longllu01,265
Luc Longley,longllu01,265
Luc Longley,longllu01,265
Luc Longley,longllu01,265
Luc Longley,longllu01,265
Luc Longley,longllu01,265
Luc Longley,longllu01,265
Jonas Valančiūnas,valanjo01,265
Jonas Valančiūnas,valanjo01,265
Jonas Valančiūnas,valanjo01,265
Jonas Valančiūnas,valanjo01,265
Jonas Valančiūnas,valanjo01,265
Jonas Valančiūnas,valanjo01,265
Jonas Valančiūnas,valanjo01,265
Jonas Valančiūnas,valanjo01,265
Jonas Valančiūnas,valanjo01,265
Jonas Valančiūnas,valanjo01,265
Jonas Valančiūnas,valanjo01,265
Jonas Valančiūnas,valanjo01,265
Omer Yurtseven,yurtsom01,264
Omer Yurtseven,yurtsom01,264
Omer Yurtseven,yurtsom01,264
Hasheem Thabeet,thabeha01,263
Hasheem Thabeet,thabeha01,263
Hasheem Thabeet,thabeha01,263
Hasheem Thabeet,thabeha01,263
Hasheem Thabeet,thabeha01,263
Geert Hammink,hammige01,262
Geert Hammink,hammige01,262
Geert Hammink,hammige01,262
Ian Mahinmi,mahinia01,262
Ian Mahinmi,mahinia01,262
Ian Mahinmi,mahinia01,262
Ian Mahinmi,mahinia01,262
Ian Mahinmi,mahinia01,262
Ian Mahinmi,mahinia01,262
Ian Mahinmi,mahinia01,262
Ian Mahinmi,mahinia01,262
Ian Mahinmi,mahinia01,262
Ian Mahinmi,mahinia01,262
Ian Mahinmi,mahinia01,262
Ian Mahinmi,mahinia01,262
Peter Aluma,alumape01,260
Pero Antić,anticpe01,260
Pero Antić,anticpe01,260
Aron Baynes,baynear01,260
Aron Baynes,baynear01,260
Aron Baynes,baynear01,260
Aron Baynes,baynear01,260
Aron Baynes,baynear01,260
Aron Baynes,baynear01,260
Aron Baynes,baynear01,260
Aron Baynes,baynear01,260
Aron Baynes,baynear01,260
Andrew Bogut,bogutan01,260
Andrew Bogut,bogutan01,260
Andrew Bogut,bogutan01,260
Andrew Bogut,bogutan01,260
Andrew Bogut,bogutan01,260
Andrew Bogut,bogutan01,260
Andrew Bogut,bogutan01,260
Andrew Bogut,bogutan01,260
Andrew Bogut,bogutan01,260
Andrew Bogut,bogutan01,260
Andrew Bogut,bogutan01,260
Andrew Bogut,bogutan01,260
Andrew Bogut,bogutan01,260
Andrew Bogut,bogutan01,260
Rastko Cvetković,cvetkra01,260
Vítor Luiz Faverani,favervi01,260
Pétur Guðmundsson,gudmupe01,260
Pétur Guðmundsson,gudmupe01,260
Pétur Guðmundsson,gudmupe01,260
Pétur Guðmundsson,gudmupe01,260
Mario Kasun,kasunma01,260
Mario Kasun,kasunma01,260
Sasha Kaun,kaunsa01,260
Viacheslav Kravtsov,kravtvi01,260
Viacheslav Kravtsov,kravtvi01,260
Richard Petruška,petruri01,260
Pavel Podkolzin,podkopa01,260
Pavel Podkolzin,podkopa01,260
Ramón Rivas,rivasra01,260
Samardo Samuels,samuesa01,260
Samardo Samuels,samuesa01,260
Samardo Samuels,samuesa01,260
Dmytro Skapintsev,skapidm01,260
Dragan Tarlać,tarladr01,260
Edy Tavares,tavarwa01,260
Edy Tavares,tavarwa01,260
Oscar Tshiebwe,tshieos01,260
Ratko Varda,vardara01,260
Stojko Vranković,vrankst01,260
Stojko Vranković,vrankst01,260
Stojko Vranković,vrankst01,260
Stojko Vranković,vrankst01,260
Stojko Vranković,vrankst01,260
Nikola Vučević,vucevni01,260
Nikola Vučević,vucevni01,260
Nikola Vučević,vucevni01,260
Nikola Vučević,vucevni01,260
Nikola Vučević,vucevni01,260
Nikola Vučević,vucevni01,260
Nikola Vučević,vucevni01,260
Nikola Vučević,vucevni01,260
Nikola Vučević,vucevni01,260
Nikola Vučević,vucevni01,260
Nikola Vučević,vucevni01,260
Nikola Vučević,vucevni01,260
Nikola Vučević,vucevni01,260
Guerschon Yabusele,yabusgu01,260
Guerschon Yabusele,yabusgu01,260
Jamaal Magloire,magloja01,259
Jamaal Magloire,magloja01,259
Jamaal Magloire,magloja01,259
Jamaal Magloire,magloja01,259
Jamaal Magloire,magloja01,259
Jamaal Magloire,magloja01,259
Jamaal Magloire,magloja01,259
Jamaal Magloire,magloja01,259
Jamaal Magloire,magloja01,259
Jamaal Magloire,magloja01,259
Jamaal Magloire,magloja01,259
Jamaal Magloire,magloja01,259
Carlos Boozer,boozeca01,258
Carlos Boozer,boozeca01,258
Carlos Boozer,boozeca01,258
Carlos Boozer,boozeca01,258
Carlos Boozer,boozeca01,258
Carlos Boozer,boozeca01,258
Carlos Boozer,boozeca01,258
Carlos Boozer,boozeca01,258
Carlos Boozer,boozeca01,258
Carlos Boozer,boozeca01,258
Carlos Boozer,boozeca01,258
Carlos Boozer,boozeca01,258
Carlos Boozer,boozeca01,258
Jaime Echenique,echenja01,258
Rudy Gobert,goberru01,258
Rudy Gobert,goberru01,258
Rudy Gobert,goberru01,258
Rudy Gobert,goberru01,258
Rudy Gobert,goberru01,258
Rudy Gobert,goberru01,258
Rudy Gobert,goberru01,258
Rudy Gobert,goberru01,258
Rudy Gobert,goberru01,258
Rudy Gobert,goberru01,258
Rudy Gobert,goberru01,258
Ruben Boumtje-Boumtje,boumtru01,257
Ruben Boumtje-Boumtje,boumtru01,257
Ruben Boumtje-Boumtje,boumtru01,257
Željko Rebrača,rebraze01,257
Željko Rebrača,rebraze01,257
Željko Rebrača,rebraze01,257
Željko Rebrača,rebraze01,257
Željko Rebrača,rebraze01,257
Jock Landale,landajo01,256
Jock Landale,landajo01,256
Jock Landale,landajo01,256
Tibor Pleiß,pleisti01,256
Ömer Aşık,asikom01,255
Ömer Aşık,asikom01,255
Ömer Aşık,asikom01,255
Ömer Aşık,asikom01,255
Ömer Aşık,asikom01,255
Ömer Aşık,asikom01,255
Ömer Aşık,asikom01,255
Ömer Aşık,asikom01,255
Dalibor Bagarić,bagarda01,255
Dalibor Bagarić,bagarda01,255
Dalibor Bagarić,bagarda01,255
Bismack Biyombo,biyombi01,255
Bismack Biyombo,biyombi01,255
Bismack Biyombo,biyombi01,255
Bismack Biyombo,biyombi01,255
Bismack Biyombo,biyombi01,255
Bismack Biyombo,biyombi01,255
Bismack Biyombo,biyombi01,255
Bismack Biyombo,biyombi01,255
Bismack Biyombo,biyombi01,255
Bismack Biyombo,biyombi01,255
Bismack Biyombo,biyombi01,255
Bismack Biyombo,biyombi01,255
Bismack Biyombo,biyombi01,255
Samuel Dalembert,dalemsa01,255
Samuel Dalembert,dalemsa01,255
Samuel Dalembert,dalemsa01,255
Samuel Dalembert,dalemsa01,255
Samuel Dalembert,dalemsa01,255
Samuel Dalembert,dalemsa01,255
Samuel Dalembert,dalemsa01,255
Samuel Dalembert,dalemsa01,255
Samuel Dalembert,dalemsa01,255
Samuel Dalembert,dalemsa01,255
Samuel Dalembert,dalemsa01,255
Samuel Dalembert,dalemsa01,255
Samuel Dalembert,dalemsa01,255
Festus Ezeli,ezelife01,255
Festus Ezeli,ezelife01,255
Festus Ezeli,ezelife01,255
Marc Gasol,gasolma01,255
Marc Gasol,gasolma01,255
Marc Gasol,gasolma01,255
Marc Gasol,gasolma01,255
Marc Gasol,gasolma01,255
Marc Gasol,gasolma01,255
Marc Gasol,gasolma01,255
Marc Gasol,gasolma01,255
Marc Gasol,gasolma01,255
Marc Gasol,gasolma01,255
Marc Gasol,gasolma01,255
Marc Gasol,gasolma01,255
Marc Gasol,gasolma01,255
Isaac Humphries,humphis01,255
Fab Melo,melofa01,255
Mamadou N'Diaye,ndiayma02,255
Mamadou N'Diaye,ndiayma02,255
Mamadou N'Diaye,ndiayma02,255
Mamadou N'Diaye,ndiayma02,255
Mamadou N'Diaye,ndiayma02,255
Julius Nwosu,nwosuju01,255
Tim Ohlbrecht,ohlbrti01,255
Hakeem Olajuwon,olajuha01,255
Hakeem Olajuwon,olajuha01,255
Hakeem Olajuwon,olajuha01,255
Hakeem Olajuwon,olajuha01,255
Hakeem Olajuwon,olajuha01,255
Hakeem Olajuwon,olajuha01,255
Hakeem Olajuwon,olajuha01,255
Hakeem Olajuwon,olajuha01,255
Hakeem Olajuwon,olajuha01,255
Hakeem Olajuwon,olajuha01,255
Hakeem Olajuwon,olajuha01,255
Hakeem Olajuwon,olajuha01,255
Hakeem Olajuwon,olajuha01,255
Hakeem Olajuwon,olajuha01,255
Hakeem Olajuwon,olajuha01,255
Hakeem Olajuwon,olajuha01,255
Hakeem Olajuwon,olajuha01,255
Hakeem Olajuwon,olajuha01,255
Luke Schenscher,schenlu01,255
Luke Schenscher,schenlu01,255
Wang Zhizhi,zhizhwa01,255
Wang Zhizhi,zhizhwa01,255
Wang Zhizhi,zhizhwa01,255
Wang Zhizhi,zhizhwa01,255
Wang Zhizhi,zhizhwa01,255
Hamed Haddadi,haddaha01,254
Hamed Haddadi,haddaha01,254
Hamed Haddadi,haddaha01,254
Hamed Haddadi,haddaha01,254
Hamed Haddadi,haddaha01,254
Tristan Thompson,thomptr01,254
Tristan Thompson,thomptr01,254
Tristan Thompson,thomptr01,254
Tristan Thompson,thomptr01,254
Tristan Thompson,thomptr01,254
Tristan Thompson,thomptr01,254
Tristan Thompson,thomptr01,254
Tristan Thompson,thomptr01,254
Tristan Thompson,thomptr01,254
Tristan Thompson,thomptr01,254
Tristan Thompson,thomptr01,254
Tristan Thompson,thomptr01,254
Jerome Jordan,jordaje01,253
Jerome Jordan,jordaje01,253
Uwe Blab,blabuw01,252
Uwe Blab,blabuw01,252
Uwe Blab,blabuw01,252
Uwe Blab,blabuw01,252
Uwe Blab,blabuw01,252
Primož Brezec,brezepr01,252
Primož Brezec,brezepr01,252
Primož Brezec,brezepr01,252
Primož Brezec,brezepr01,252
Primož Brezec,brezepr01,252
Primož Brezec,brezepr01,252
Primož Brezec,brezepr01,252
Primož Brezec,brezepr01,252
Gorgui Dieng,dienggo01,252
Gorgui Dieng,dienggo01,252
Gorgui Dieng,dienggo01,252
Gorgui Dieng,dienggo01,252
Gorgui Dieng,dienggo01,252
Gorgui Dieng,dienggo01,252
Gorgui Dieng,dienggo01,252
Gorgui Dieng,dienggo01,252
Gorgui Dieng,dienggo01,252
Gorgui Dieng,dienggo01,252
Solomon Alabi,alabiso01,251
Solomon Alabi,alabiso01,251
Ognjen Kuzmić,kuzmiog01,251
Ognjen Kuzmić,kuzmiog01,251
Robert Archibald,archiro01,250
Robert Archibald,archiro01,250
Gustavo Ayón,ayongu01,250
Gustavo Ayón,ayongu01,250
Gustavo Ayón,ayongu01,250
Deandre Ayton,aytonde01,250
Deandre Ayton,aytonde01,250
Deandre Ayton,aytonde01,250
Deandre Ayton,aytonde01,250
Deandre Ayton,aytonde01,250
Deandre Ayton,aytonde01,250
Cameron Bairstow,bairsca01,250
Cameron Bairstow,bairsca01,250
Goga Bitadze,bitadgo01,250
Goga Bitadze,bitadgo01,250
Goga Bitadze,bitadgo01,250
Goga Bitadze,bitadgo01,250
Goga Bitadze,bitadgo01,250
Torgeir Bryn,brynto01,250
Pat Burke,burkepa01,250
Pat Burke,burkepa01,250
Pat Burke,burkepa01,250
Boris Diaw,diawbo01,250
Boris Diaw,diawbo01,250
Boris Diaw,diawbo01,250
Boris Diaw,diawbo01,250
Boris Diaw,diawbo01,250
Boris Diaw,diawbo01,250
Boris Diaw,diawbo01,250
Boris Diaw,diawbo01,250
Boris Diaw,diawbo01,250
Boris Diaw,diawbo01,250
Boris Diaw,diawbo01,250
Boris Diaw,diawbo01,250
Boris Diaw,diawbo01,250
Boris Diaw,diawbo01,250
Tim Duncan,duncati01,250
Tim Duncan,duncati01,250
Tim Duncan,duncati01,250
Tim Duncan,duncati01,250
Tim Duncan,duncati01,250
Tim Duncan,duncati01,250
Tim Duncan,duncati01,250
Tim Duncan,duncati01,250
Tim Duncan,duncati01,250
Tim Duncan,duncati01,250
Tim Duncan,duncati01,250
Tim Duncan,duncati01,250
Tim Duncan,duncati01,250
Tim Duncan,duncati01,250
Tim Duncan,duncati01,250
Tim Duncan,duncati01,250
Tim Duncan,duncati01,250
Tim Duncan,duncati01,250
Tim Duncan,duncati01,250
Adonal Foyle,foylead01,250
Adonal Foyle,foylead01,250
Adonal Foyle,foylead01,250
Adonal Foyle,foylead01,250
Adonal Foyle,foylead01,250
Adonal Foyle,foylead01,250
Adonal Foyle,foylead01,250
Adonal Foyle,foylead01,250
Adonal Foyle,foylead01,250
Adonal Foyle,foylead01,250
Adonal Foyle,foylead01,250
Adonal Foyle,foylead01,250
Joel Freeland,freeljo01,250
Joel Freeland,freeljo01,250
Joel Freeland,freeljo01,250
Deng Gai,gaide01,250
Pau Gasol,gasolpa01,250
Pau Gasol,gasolpa01,250
Pau Gasol,gasolpa01,250
Pau Gasol,gasolpa01,250
Pau Gasol,gasolpa01,250
Pau Gasol,gasolpa01,250
Pau Gasol,gasolpa01,250
Pau Gasol,gasolpa01,250
Pau Gasol,gasolpa01,250
Pau Gasol,gasolpa01,250
Pau Gasol,gasolpa01,250
Pau Gasol,gasolpa01,250
Pau Gasol,gasolpa01,250
Pau Gasol,gasolpa01,250
Pau Gasol,gasolpa01,250
Pau Gasol,gasolpa01,250
Pau Gasol,gasolpa01,250
Pau Gasol,gasolpa01,250
Willy Hernangómez,hernawi01,250
Willy Hernangómez,hernawi01,250
Willy Hernangómez,hernawi01,250
Willy Hernangómez,hernawi01,250
Willy Hernangómez,hernawi01,250
Willy Hernangómez,hernawi01,250
Willy Hernangómez,hernawi01,250
Nenê,hilarne01,250
Nenê,hilarne01,250
Nenê,hilarne01,250
Nenê,hilarne01,250
Nenê,hilarne01,250
Nenê,hilarne01,250
Nenê,hilarne01,250
Nenê,hilarne01,250
Nenê,hilarne01,250
Nenê,hilarne01,250
Nenê,hilarne01,250
Nenê,hilarne01,250
Nenê,hilarne01,250
Nenê,hilarne01,250
Nenê,hilarne01,250
Nenê,hilarne01,250
Nenê,hilarne01,250
Mfiondu Kabengele,kabenmf01,250
Mfiondu Kabengele,kabenmf01,250
Mfiondu Kabengele,kabenmf01,250
Enes Freedom,kanteen01,250
Enes Freedom,kanteen01,250
Enes Freedom,kanteen01,250
Enes Freedom,kanteen01,250
Enes Freedom,kanteen01,250
Enes Freedom,kanteen01,250
Enes Freedom,kanteen01,250
Enes Freedom,kanteen01,250
Enes Freedom,kanteen01,250
Enes Freedom,kanteen01,250
Enes Freedom,kanteen01,250
Alex Len,lenal01,250
Alex Len,lenal01,250
Alex Len,lenal01,250
Alex Len,lenal01,250
Alex Len,lenal01,250
Alex Len,lenal01,250
Alex Len,lenal01,250
Alex Len,lenal01,250
Alex Len,lenal01,250
Alex Len,lenal01,250
Alex Len,lenal01,250
Sean Marks,marksse01,250
Sean Marks,marksse01,250
Sean Marks,marksse01,250
Sean Marks,marksse01,250
Sean Marks,marksse01,250
Sean Marks,marksse01,250
Sean Marks,marksse01,250
Sean Marks,marksse01,250
Sean Marks,marksse01,250
Sean Marks,marksse01,250
Sean Marks,marksse01,250
Stanislav Medvedenko,medvest01,250
Stanislav Medvedenko,medvest01,250
Stanislav Medvedenko,medvest01,250
Stanislav Medvedenko,medvest01,250
Stanislav Medvedenko,medvest01,250
Stanislav Medvedenko,medvest01,250
Stanislav Medvedenko,medvest01,250
Darko Miličić,milicda01,250
Darko Miličić,milicda01,250
Darko Miličić,milicda01,250
Darko Miličić,milicda01,250
Darko Miličić,milicda01,250
Darko Miličić,milicda01,250
Darko Miličić,milicda01,250
Darko Miličić,milicda01,250
Darko Miličić,milicda01,250
Darko Miličić,milicda01,250
Nikola Mirotić,mirotni01,250
Nikola Mirotić,mirotni01,250
Nikola Mirotić,mirotni01,250
Nikola Mirotić,mirotni01,250
Nikola Mirotić,mirotni01,250
Andrew Nicholson,nichoan01,250
Andrew Nicholson,nichoan01,250
Andrew Nicholson,nichoan01,250
Andrew Nicholson,nichoan01,250
Andrew Nicholson,nichoan01,250
Aleksandar Radojević,radojal01,250
Aleksandar Radojević,radojal01,250
Miroslav Raduljica,radulmi01,250
Miroslav Raduljica,radulmi01,250
Efthimios Rentzias,rentzef01,250
Rik Smits,smitsri01,250
Rik Smits,smitsri01,250
Rik Smits,smitsri01,250
Rik Smits,smitsri01,250
Rik Smits,smitsri01,250
Rik Smits,smitsri01,250
Rik Smits,smitsri01,250
Rik Smits,smitsri01,250
Rik Smits,smitsri01,250
Rik Smits,smitsri01,250
Rik Smits,smitsri01,250
Rik Smits,smitsri01,250
Mike Smrek,smrekmi01,250
Mike Smrek,smrekmi01,250
Mike Smrek,smrekmi01,250
Mike Smrek,smrekmi01,250
Mike Smrek,smrekmi01,250
Mike Smrek,smrekmi01,250
Mike Smrek,smrekmi01,250
Pape Sow,sowpa01,250
Pape Sow,sowpa01,250
Pape Sow,sowpa01,250
George Zídek,zidekge01,250
George Zídek,zidekge01,250
George Zídek,zidekge01,250
Chris Anstey,anstech01,249
Chris Anstey,anstech01,249
Chris Anstey,anstech01,249
Mehmet Okur,okurme01,249
Mehmet Okur,okurme01,249
Mehmet Okur,okurme01,249
Mehmet Okur,okurme01,249
Mehmet Okur,okurme01,249
Mehmet Okur,okurme01,249
Mehmet Okur,okurme01,249
Mehmet Okur,okurme01,249
Mehmet Okur,okurme01,249
Mehmet Okur,okurme01,249
Ronny Turiaf,turiaro01,249
Ronny Turiaf,turiaro01,249
Ronny Turiaf,turiaro01,249
Ronny Turiaf,turiaro01,249
Ronny Turiaf,turiaro01,249
Ronny Turiaf,turiaro01,249
Ronny Turiaf,turiaro01,249
Ronny Turiaf,turiaro01,249
Ronny Turiaf,turiaro01,249
Ronny Turiaf,turiaro01,249
Alexis Ajinça,ajincal01,248
Alexis Ajinça,ajincal01,248
Alexis Ajinça,ajincal01,248
Alexis Ajinça,ajincal01,248
Alexis Ajinça,ajincal01,248
Alexis Ajinça,ajincal01,248
Alexis Ajinça,ajincal01,248
Rasho Nesterović,nestera01,248
Rasho Nesterović,nestera01,248
Rasho Nesterović,nestera01,248
Rasho Nesterović,nestera01,248
Rasho Nesterović,nestera01,248
Rasho Nesterović,nestera01,248
Rasho Nesterović,nestera01,248
Rasho Nesterović,nestera01,248
Rasho Nesterović,nestera01,248
Rasho Nesterović,nestera01,248
Rasho Nesterović,nestera01,248
Rasho Nesterović,nestera01,248
Darius Songaila,songada01,248
Darius Songaila,songada01,248
Darius Songaila,songada01,248
Darius Songaila,songada01,248
Darius Songaila,songada01,248
Darius Songaila,songada01,248
Darius Songaila,songada01,248
Darius Songaila,songada01,248
Hanno Möttölä,mottoha01,247
Hanno Möttölä,mottoha01,247
Johan Petro,petrojo01,247
Johan Petro,petrojo01,247
Johan Petro,petrojo01,247
Johan Petro,petrojo01,247
Johan Petro,petrojo01,247
Johan Petro,petrojo01,247
Johan Petro,petrojo01,247
Johan Petro,petrojo01,247
Damien Inglis,inglida01,246
David Andersen,anderda03,245
David Andersen,anderda03,245
Joel Anthony,anthojo01,245
Joel Anthony,anthojo01,245
Joel Anthony,anthojo01,245
Joel Anthony,anthojo01,245
Joel Anthony,anthojo01,245
Joel Anthony,anthojo01,245
Joel Anthony,anthojo01,245
Joel Anthony,anthojo01,245
Joel Anthony,anthojo01,245
Joel Anthony,anthojo01,245
Andrea Bargnani,bargnan01,245
Andrea Bargnani,bargnan01,245
Andrea Bargnani,bargnan01,245
Andrea Bargnani,bargnan01,245
Andrea Bargnani,bargnan01,245
Andrea Bargnani,bargnan01,245
Andrea Bargnani,bargnan01,245
Andrea Bargnani,bargnan01,245
Andrea Bargnani,bargnan01,245
Andrea Bargnani,bargnan01,245
Anthony Bennett,bennean01,245
Anthony Bennett,bennean01,245
Anthony Bennett,bennean01,245
Anthony Bennett,bennean01,245
Wallace Bryant,bryanwa01,245
Wallace Bryant,bryanwa01,245
Wallace Bryant,bryanwa01,245
Ángel Delgado,delgaan01,245
Jorge Garbajosa,garbajo01,245
Jorge Garbajosa,garbajo01,245
Rubén Garcés,garceru01,245
Tito Horford,horfoti01,245
Tito Horford,horfoti01,245
Tito Horford,horfoti01,245
Yvon Joseph,josepyv01,245
Linas Kleiza,kleizli01,245
Linas Kleiza,kleizli01,245
Linas Kleiza,kleizli01,245
Linas Kleiza,kleizli01,245
Linas Kleiza,kleizli01,245
Linas Kleiza,kleizli01,245
Linas Kleiza,kleizli01,245
D.J. Mbenga,mbengdj01,245
D.J. Mbenga,mbengdj01,245
D.J. Mbenga,mbengdj01,245
D.J. Mbenga,mbengdj01,245
D.J. Mbenga,mbengdj01,245
D.J. Mbenga,mbengdj01,245
D.J. Mbenga,mbengdj01,245
Dikembe Mutombo,mutomdi01,245
Dikembe Mutombo,mutomdi01,245
Dikembe Mutombo,mutomdi01,245
Dikembe Mutombo,mutomdi01,245
Dikembe Mutombo,mutomdi01,245
Dikembe Mutombo,mutomdi01,245
Dikembe Mutombo,mutomdi01,245
Dikembe Mutombo,mutomdi01,245
Dikembe Mutombo,mutomdi01,245
Dikembe Mutombo,mutomdi01,245
Dikembe Mutombo,mutomdi01,245
Dikembe Mutombo,mutomdi01,245
Dikembe Mutombo,mutomdi01,245
Dikembe Mutombo,mutomdi01,245
Dikembe Mutombo,mutomdi01,245
Dikembe Mutombo,mutomdi01,245
Dikembe Mutombo,mutomdi01,245
Dikembe Mutombo,mutomdi01,245
Makhtar N'Diaye,ndiayma01,245
Dirk Nowitzki,nowitdi01,245
Dirk Nowitzki,nowitdi01,245
Dirk Nowitzki,nowitdi01,245
Dirk Nowitzki,nowitdi01,245
Dirk Nowitzki,nowitdi01,245
Dirk Nowitzki,nowitdi01,245
Dirk Nowitzki,nowitdi01,245
Dirk Nowitzki,nowitdi01,245
Dirk Nowitzki,nowitdi01,245
Dirk Nowitzki,nowitdi01,245
Dirk Nowitzki,nowitdi01,245
Dirk Nowitzki,nowitdi01,245
Dirk Nowitzki,nowitdi01,245
Dirk Nowitzki,nowitdi01,245
Dirk Nowitzki,nowitdi01,245
Dirk Nowitzki,nowitdi01,245
Dirk Nowitzki,nowitdi01,245
Dirk Nowitzki,nowitdi01,245
Dirk Nowitzki,nowitdi01,245
Dirk Nowitzki,nowitdi01,245
Dirk Nowitzki,nowitdi01,245
Fabricio Oberto,obertfa01,245
Fabricio Oberto,obertfa01,245
Fabricio Oberto,obertfa01,245
Fabricio Oberto,obertfa01,245
Fabricio Oberto,obertfa01,245
Fabricio Oberto,obertfa01,245
Jakob Poeltl,poeltja01,245
Jakob Poeltl,poeltja01,245
Jakob Poeltl,poeltja01,245
Jakob Poeltl,poeltja01,245
Jakob Poeltl,poeltja01,245
Jakob Poeltl,poeltja01,245
Jakob Poeltl,poeltja01,245
Jakob Poeltl,poeltja01,245
Neemias Queta,quetane01,245
Neemias Queta,quetane01,245
Neemias Queta,quetane01,245
Duop Reath,reathdu01,245
Nick Richards,richani01,245
Nick Richards,richani01,245
Nick Richards,richani01,245
Nick Richards,richani01,245
Cheikh Samb,sambch01,245
Cheikh Samb,sambch01,245
Adama Sanogo,sanogad01,245
Tiago Splitter,splitti01,245
Tiago Splitter,splitti01,245
Tiago Splitter,splitti01,245
Tiago Splitter,splitti01,245
Tiago Splitter,splitti01,245
Tiago Splitter,splitti01,245
Tiago Splitter,splitti01,245
Žan Tabak,tabakza01,245
Žan Tabak,tabakza01,245
Žan Tabak,tabakza01,245
Žan Tabak,tabakza01,245
Žan Tabak,tabakza01,245
Žan Tabak,tabakza01,245
Daniel Theis,theisda01,245
Daniel Theis,theisda01,245
Daniel Theis,theisda01,245
Daniel Theis,theisda01,245
Daniel Theis,theisda01,245
Daniel Theis,theisda01,245
Daniel Theis,theisda01,245
Moritz Wagner,wagnemo01,245
Moritz Wagner,wagnemo01,245
Moritz Wagner,wagnemo01,245
Moritz Wagner,wagnemo01,245
Moritz Wagner,wagnemo01,245
Moritz Wagner,wagnemo01,245
Chris Welp,welpch01,245
Chris Welp,welpch01,245
Chris Welp,welpch01,245
Bill Wennington,wennibi01,245
Bill Wennington,wennibi01,245
Bill Wennington,wennibi01,245
Bill Wennington,wennibi01,245
Bill Wennington,wennibi01,245
Bill Wennington,wennibi01,245
Bill Wennington,wennibi01,245
Bill Wennington,wennibi01,245
Bill Wennington,wennibi01,245
Bill Wennington,wennibi01,245
Bill Wennington,wennibi01,245
Bill Wennington,wennibi01,245
Bill Wennington,wennibi01,245
Eugene Omoruyi,omorueu01,244
Eugene Omoruyi,omorueu01,244
Eugene Omoruyi,omorueu01,244
Wally Szczerbiak,szczewa02,244
Wally Szczerbiak,szczewa02,244
Wally Szczerbiak,szczewa02,244
Wally Szczerbiak,szczewa02,244
Wally Szczerbiak,szczewa02,244
Wally Szczerbiak,szczewa02,244
Wally Szczerbiak,szczewa02,244
Wally Szczerbiak,szczewa02,244
Wally Szczerbiak,szczewa02,244
Wally Szczerbiak,szczewa02,244
Vlade Divac,divacvl01,243
Vlade Divac,divacvl01,243
Vlade Divac,divacvl01,243
Vlade Divac,divacvl01,243
Vlade Divac,divacvl01,243
Vlade Divac,divacvl01,243
Vlade Divac,divacvl01,243
Vlade Divac,divacvl01,243
Vlade Divac,divacvl01,243
Vlade Divac,divacvl01,243
Vlade Divac,divacvl01,243
Vlade Divac,divacvl01,243
Vlade Divac,divacvl01,243
Vlade Divac,divacvl01,243
Vlade Divac,divacvl01,243
Vlade Divac,divacvl01,243
Giannis Antetokounmpo,antetgi01,242
Giannis Antetokounmpo,antetgi01,242
Giannis Antetokounmpo,antetgi01,242
Giannis Antetokounmpo,antetgi01,242
Giannis Antetokounmpo,antetgi01,242
Giannis Antetokounmpo,antetgi01,242
Giannis Antetokounmpo,antetgi01,242
Giannis Antetokounmpo,antetgi01,242
Giannis Antetokounmpo,antetgi01,242
Giannis Antetokounmpo,antetgi01,242
Giannis Antetokounmpo,antetgi01,242
Mirza Teletović,teletmi01,242
Mirza Teletović,teletmi01,242
Mirza Teletović,teletmi01,242
Mirza Teletović,teletmi01,242
Mirza Teletović,teletmi01,242
Mirza Teletović,teletmi01,242
Lucas Nogueira,noguelu01,241
Lucas Nogueira,noguelu01,241
Lucas Nogueira,noguelu01,241
Lucas Nogueira,noguelu01,241
Admiral Schofield,schofad01,241
Admiral Schofield,schofad01,241
Admiral Schofield,schofad01,241
Admiral Schofield,schofad01,241
Alaa Abdelnaby,abdelal01,240
Alaa Abdelnaby,abdelal01,240
Alaa Abdelnaby,abdelal01,240
Alaa Abdelnaby,abdelal01,240
Alaa Abdelnaby,abdelal01,240
Furkan Aldemir,aldemfu01,240
Martynas Andriuškevičius,andrima01,240
Miloš Babić,babicmi01,240
Miloš Babić,babicmi01,240
Ibou Badji,badjiib01,240
Andris Biedriņš,biedran01,240
Andris Biedriņš,biedran01,240
Andris Biedriņš,biedran01,240
Andris Biedriņš,biedran01,240
Andris Biedriņš,biedran01,240
Andris Biedriņš,biedran01,240
Andris Biedriņš,biedran01,240
Andris Biedriņš,biedran01,240
Andris Biedriņš,biedran01,240
Andris Biedriņš,biedran01,240
Clint Capela,capelca01,240
Clint Capela,capelca01,240
Clint Capela,capelca01,240
Clint Capela,capelca01,240
Clint Capela,capelca01,240
Clint Capela,capelca01,240
Clint Capela,capelca01,240
Clint Capela,capelca01,240
Clint Capela,capelca01,240
Clint Capela,capelca01,240
Semih Erden,erdense01,240
Semih Erden,erdense01,240
Patrick Ewing,ewingpa01,240
Patrick Ewing,ewingpa01,240
Patrick Ewing,ewingpa01,240
Patrick Ewing,ewingpa01,240
Patrick Ewing,ewingpa01,240
Patrick Ewing,ewingpa01,240
Patrick Ewing,ewingpa01,240
Patrick Ewing,ewingpa01,240
Patrick Ewing,ewingpa01,240
Patrick Ewing,ewingpa01,240
Patrick Ewing,ewingpa01,240
Patrick Ewing,ewingpa01,240
Patrick Ewing,ewingpa01,240
Patrick Ewing,ewingpa01,240
Patrick Ewing,ewingpa01,240
Patrick Ewing,ewingpa01,240
Patrick Ewing,ewingpa01,240
Bruno Fernando,fernabr01,240
Bruno Fernando,fernabr01,240
Bruno Fernando,fernabr01,240
Bruno Fernando,fernabr01,240
Bruno Fernando,fernabr01,240
Rolando Ferreira,ferrero01,240
Dan Gadzuric,gadzuda01,240
Dan Gadzuric,gadzuda01,240
Dan Gadzuric,gadzuda01,240
Dan Gadzuric,gadzuda01,240
Dan Gadzuric,gadzuda01,240
Dan Gadzuric,gadzuda01,240
Dan Gadzuric,gadzuda01,240
Dan Gadzuric,gadzuda01,240
Dan Gadzuric,gadzuda01,240
Dan Gadzuric,gadzuda01,240
Marcin Gortat,gortama01,240
Marcin Gortat,gortama01,240
Marcin Gortat,gortama01,240
Marcin Gortat,gortama01,240
Marcin Gortat,gortama01,240
Marcin Gortat,gortama01,240
Marcin Gortat,gortama01,240
Marcin Gortat,gortama01,240
Marcin Gortat,gortama01,240
Marcin Gortat,gortama01,240
Marcin Gortat,gortama01,240
Marcin Gortat,gortama01,240
Al Horford,horfoal01,240
Al Horford,horfoal01,240
Al Horford,horfoal01,240
Al Horford,horfoal01,240
Al Horford,horfoal01,240
Al Horford,horfoal01,240
Al Horford,horfoal01,240
Al Horford,horfoal01,240
Al Horford,horfoal01,240
Al Horford,horfoal01,240
Al Horford,horfoal01,240
Al Horford,horfoal01,240
Al Horford,horfoal01,240
Al Horford,horfoal01,240
Al Horford,horfoal01,240
Al Horford,horfoal01,240
Al Horford,horfoal01,240
Yi Jianlian,jianlyi01,240
Yi Jianlian,jianlyi01,240
Yi Jianlian,jianlyi01,240
Yi Jianlian,jianlyi01,240
Yi Jianlian,jianlyi01,240
Maxi Kleber,klebima01,240
Maxi Kleber,klebima01,240
Maxi Kleber,klebima01,240
Maxi Kleber,klebima01,240
Maxi Kleber,klebima01,240
Maxi Kleber,klebima01,240
Maxi Kleber,klebima01,240
Nenad Krstić,krstine01,240
Nenad Krstić,krstine01,240
Nenad Krstić,krstine01,240
Nenad Krstić,krstine01,240
Nenad Krstić,krstine01,240
Nenad Krstić,krstine01,240
Nenad Krstić,krstine01,240
Ian Lockhart,lockhia01,240
Lauri Markkanen,markkla01,240
Lauri Markkanen,markkla01,240
Lauri Markkanen,markkla01,240
Lauri Markkanen,markkla01,240
Lauri Markkanen,markkla01,240
Lauri Markkanen,markkla01,240
Lauri Markkanen,markkla01,240
Pops Mensah-Bonsu,mensapo01,240
Pops Mensah-Bonsu,mensapo01,240
Pops Mensah-Bonsu,mensapo01,240
Pops Mensah-Bonsu,mensapo01,240
Eduardo Nájera,najered01,240
Eduardo Nájera,najered01,240
Eduardo Nájera,najered01,240
Eduardo Nájera,najered01,240
Eduardo Nájera,najered01,240
Eduardo Nájera,najered01,240
Eduardo Nájera,najered01,240
Eduardo Nájera,najered01,240
Eduardo Nájera,najered01,240
Eduardo Nájera,najered01,240
Eduardo Nájera,najered01,240
Eduardo Nájera,najered01,240
Swen Nater,natersw01,240
Swen Nater,natersw01,240
Swen Nater,natersw01,240
Swen Nater,natersw01,240
Swen Nater,natersw01,240
Swen Nater,natersw01,240
Swen Nater,natersw01,240
Swen Nater,natersw01,240
Kelly Olynyk,olynyke01,240
Kelly Olynyk,olynyke01,240
Kelly Olynyk,olynyke01,240
Kelly Olynyk,olynyke01,240
Kelly Olynyk,olynyke01,240
Kelly Olynyk,olynyke01,240
Kelly Olynyk,olynyke01,240
Kelly Olynyk,olynyke01,240
Kelly Olynyk,olynyke01,240
Kelly Olynyk,olynyke01,240
Kelly Olynyk,olynyke01,240
Olumide Oyedeji,oyedeol01,240
Olumide Oyedeji,oyedeol01,240
Olumide Oyedeji,oyedeol01,240
Georgios Papagiannis,papagge01,240
Georgios Papagiannis,papagge01,240
Kosta Perović,perovko01,240
Kristaps Porziņģis,porzikr01,240
Kristaps Porziņģis,porzikr01,240
Kristaps Porziņģis,porzikr01,240
Kristaps Porziņģis,porzikr01,240
Kristaps Porziņģis,porzikr01,240
Kristaps Porziņģis,porzikr01,240
Kristaps Porziņģis,porzikr01,240
Kristaps Porziņģis,porzikr01,240
Dwight Powell,poweldw01,240
Dwight Powell,poweldw01,240
Dwight Powell,poweldw01,240
Dwight Powell,poweldw01,240
Dwight Powell,poweldw01,240
Dwight Powell,poweldw01,240
Dwight Powell,poweldw01,240
Dwight Powell,poweldw01,240
Dwight Powell,poweldw01,240
Dwight Powell,poweldw01,240
Stefano Rusconi,ruscost01,240
Luis Scola,scolalu01,240
Luis Scola,scolalu01,240
Luis Scola,scolalu01,240
Luis Scola,scolalu01,240
Luis Scola,scolalu01,240
Luis Scola,scolalu01,240
Luis Scola,scolalu01,240
Luis Scola,scolalu01,240
Luis Scola,scolalu01,240
Luis Scola,scolalu01,240
Ben Simmons,simmobe01,240
Ben Simmons,simmobe01,240
Ben Simmons,simmobe01,240
Ben Simmons,simmobe01,240
Ben Simmons,simmobe01,240
Ben Simmons,simmobe01,240
Cezary Trybański,trybace01,240
Cezary Trybański,trybace01,240
Jan Veselý,veselja01,240
Jan Veselý,veselja01,240
Jan Veselý,veselja01,240
Gary Voce,vocega01,240
Jim Zoet,zoetji01,240
Ivica Zubac,zubaciv01,240
Ivica Zubac,zubaciv01,240
Ivica Zubac,zubaciv01,240
Ivica Zubac,zubaciv01,240
Ivica Zubac,zubaciv01,240
Ivica Zubac,zubaciv01,240
Ivica Zubac,zubaciv01,240
Ivica Zubac,zubaciv01,240
Elias Harris,harriel01,239
Zydrunas Ilgauskas,ilgauzy01,238
Zydrunas Ilgauskas,ilgauzy01,238
Zydrunas Ilgauskas,ilgauzy01,238
Zydrunas Ilgauskas,ilgauzy01,238
Zydrunas Ilgauskas,ilgauzy01,238
Zydrunas Ilgauskas,ilgauzy01,238
Zydrunas Ilgauskas,ilgauzy01,238
Zydrunas Ilgauskas,ilgauzy01,238
Zydrunas Ilgauskas,ilgauzy01,238
Zydrunas Ilgauskas,ilgauzy01,238
Zydrunas Ilgauskas,ilgauzy01,238
Zydrunas Ilgauskas,ilgauzy01,238
Zydrunas Ilgauskas,ilgauzy01,238
Uroš Slokar,slokaur01,238
Luol Deng,denglu01,237
Luol Deng,denglu01,237
Luol Deng,denglu01,237
Luol Deng,denglu01,237
Luol Deng,denglu01,237
Luol Deng,denglu01,237
Luol Deng,denglu01,237
Luol Deng,denglu01,237
Luol Deng,denglu01,237
Luol Deng,denglu01,237
Luol Deng,denglu01,237
Luol Deng,denglu01,237
Luol Deng,denglu01,237
Luol Deng,denglu01,237
Luol Deng,denglu01,237
Olivier Sarr,sarrol01,237
Olivier Sarr,sarrol01,237
Olivier Sarr,sarrol01,237
Vlatko Čančar,cancavl01,236
Vlatko Čančar,cancavl01,236
Vlatko Čančar,cancavl01,236
Vlatko Čančar,cancavl01,236
Nicolò Melli,mellini01,236
Nicolò Melli,mellini01,236
Vladimir Stepania,stepavl01,236
Vladimir Stepania,stepavl01,236
Vladimir Stepania,stepavl01,236
Vladimir Stepania,stepavl01,236
Vladimir Stepania,stepavl01,236
Vladimir Stepania,stepavl01,236
Mirsad Türkcan,turkcmi01,236
Charles Bassey,bassech01,235
Charles Bassey,bassech01,235
Charles Bassey,bassech01,235
Ben Bentil,bentibe01,235
Joel Bolomboy,bolomjo01,235
Joel Bolomboy,bolomjo01,235
Shawn Bradley,bradlsh01,235
Shawn Bradley,bradlsh01,235
Shawn Bradley,bradlsh01,235
Shawn Bradley,bradlsh01,235
Shawn Bradley,bradlsh01,235
Shawn Bradley,bradlsh01,235
Shawn Bradley,bradlsh01,235
Shawn Bradley,bradlsh01,235
Shawn Bradley,bradlsh01,235
Shawn Bradley,bradlsh01,235
Shawn Bradley,bradlsh01,235
Shawn Bradley,bradlsh01,235
Žarko Čabarkapa,cabarza01,235
Žarko Čabarkapa,cabarza01,235
Žarko Čabarkapa,cabarza01,235
Ron Crevier,creviro01,235
Kornél Dávid,davidko01,235
Kornél Dávid,davidko01,235
Kornél Dávid,davidko01,235
Francisco Elson,elsonfr01,235
Francisco Elson,elsonfr01,235
Francisco Elson,elsonfr01,235
Francisco Elson,elsonfr01,235
Francisco Elson,elsonfr01,235
Francisco Elson,elsonfr01,235
Francisco Elson,elsonfr01,235
Francisco Elson,elsonfr01,235
Francisco Elson,elsonfr01,235
Georgi Glouchkov,gloucge01,235
Stuart Gray,grayst01,235
Stuart Gray,grayst01,235
Stuart Gray,grayst01,235
Stuart Gray,grayst01,235
Stuart Gray,grayst01,235
Stuart Gray,grayst01,235
Stuart Gray,grayst01,235
Serge Ibaka,ibakase01,235
Serge Ibaka,ibakase01,235
Serge Ibaka,ibakase01,235
Serge Ibaka,ibakase01,235
Serge Ibaka,ibakase01,235
Serge Ibaka,ibakase01,235
Serge Ibaka,ibakase01,235
Serge Ibaka,ibakase01,235
Serge Ibaka,ibakase01,235
Serge Ibaka,ibakase01,235
Serge Ibaka,ibakase01,235
Serge Ibaka,ibakase01,235
Serge Ibaka,ibakase01,235
Serge Ibaka,ibakase01,235
Ersan İlyasova,ilyaser01,235
Ersan İlyasova,ilyaser01,235
Ersan İlyasova,ilyaser01,235
Ersan İlyasova,ilyaser01,235
Ersan İlyasova,ilyaser01,235
Ersan İlyasova,ilyaser01,235
Ersan İlyasova,ilyaser01,235
Ersan İlyasova,ilyaser01,235
Ersan İlyasova,ilyaser01,235
Ersan İlyasova,ilyaser01,235
Ersan İlyasova,ilyaser01,235
Ersan İlyasova,ilyaser01,235
Ersan İlyasova,ilyaser01,235
Skal Labissière,labissk01,235
Skal Labissière,labissk01,235
Skal Labissière,labissk01,235
Skal Labissière,labissk01,235
Cozell McQueen,mcqueco01,235
Salah Mejri,mejrisa01,235
Salah Mejri,mejrisa01,235
Salah Mejri,mejrisa01,235
Salah Mejri,mejrisa01,235
Marko Milič,milicma01,235
Marko Milič,milicma01,235
Jérôme Moïso,moisoje01,235
Jérôme Moïso,moisoje01,235
Jérôme Moïso,moisoje01,235
Jérôme Moïso,moisoje01,235
Jérôme Moïso,moisoje01,235
Martin Müürsepp,muursma01,235
Martin Müürsepp,muursma01,235
Hamady N'Diaye,ndiayha01,235
Hamady N'Diaye,ndiayha01,235
Hamady N'Diaye,ndiayha01,235
Vincent Poirier,poirivi01,235
Vincent Poirier,poirivi01,235
Detlef Schrempf,schrede01,235
Detlef Schrempf,schrede01,235
Detlef Schrempf,schrede01,235
Detlef Schrempf,schrede01,235
Detlef Schrempf,schrede01,235
Detlef Schrempf,schrede01,235
Detlef Schrempf,schrede01,235
Detlef Schrempf,schrede01,235
Detlef Schrempf,schrede01,235
Detlef Schrempf,schrede01,235
Detlef Schrempf,schrede01,235
Detlef Schrempf,schrede01,235
Detlef Schrempf,schrede01,235
Detlef Schrempf,schrede01,235
Detlef Schrempf,schrede01,235
Detlef Schrempf,schrede01,235
Alperen Sengun,sengual01,235
Alperen Sengun,sengual01,235
Alperen Sengun,sengual01,235
Nemanja Bjelica,bjeline01,234
Nemanja Bjelica,bjeline01,234
Nemanja Bjelica,bjeline01,234
Nemanja Bjelica,bjeline01,234
Nemanja Bjelica,bjeline01,234
Nemanja Bjelica,bjeline01,234
Nemanja Bjelica,bjeline01,234
Trey Lyles,lylestr01,234
Trey Lyles,lylestr01,234
Trey Lyles,lylestr01,234
Trey Lyles,lylestr01,234
Trey Lyles,lylestr01,234
Trey Lyles,lylestr01,234
Trey Lyles,lylestr01,234
Trey Lyles,lylestr01,234
Trey Lyles,lylestr01,234
Will Magnay,magnawi01,234
Filip Petrušev,petrufi01,234
Chris Silva,silvach01,234
Chris Silva,silvach01,234
Chris Silva,silvach01,234
Chris Silva,silvach01,234
Khem Birch,birchkh01,233
Khem Birch,birchkh01,233
Khem Birch,birchkh01,233
Khem Birch,birchkh01,233
Khem Birch,birchkh01,233
Khem Birch,birchkh01,233
Danilo Gallinari,gallida01,233
Danilo Gallinari,gallida01,233
Danilo Gallinari,gallida01,233
Danilo Gallinari,gallida01,233
Danilo Gallinari,gallida01,233
Danilo Gallinari,gallida01,233
Danilo Gallinari,gallida01,233
Danilo Gallinari,gallida01,233
Danilo Gallinari,gallida01,233
Danilo Gallinari,gallida01,233
Danilo Gallinari,gallida01,233
Danilo Gallinari,gallida01,233
Danilo Gallinari,gallida01,233
Danilo Gallinari,gallida01,233
OG Anunoby,anunoog01,232
OG Anunoby,anunoog01,232
OG Anunoby,anunoog01,232
OG Anunoby,anunoog01,232
OG Anunoby,anunoog01,232
OG Anunoby,anunoog01,232
OG Anunoby,anunoog01,232
Gabriel Deck,deckga01,232
Gabriel Deck,deckga01,232
Oleksiy Pecherov,pecheol01,232
Oleksiy Pecherov,pecheol01,232
Oleksiy Pecherov,pecheol01,232
Jonas Jerebko,jerebjo01,231
Jonas Jerebko,jerebjo01,231
Jonas Jerebko,jerebjo01,231
Jonas Jerebko,jerebjo01,231
Jonas Jerebko,jerebjo01,231
Jonas Jerebko,jerebjo01,231
Jonas Jerebko,jerebjo01,231
Jonas Jerebko,jerebjo01,231
Jonas Jerebko,jerebjo01,231
Norvel Pelle,pelleno01,231
Norvel Pelle,pelleno01,231
Norvel Pelle,pelleno01,231
Joe Alexander,alexajo01,230
Joe Alexander,alexajo01,230
Nicolas Batum,batumni01,230
Nicolas Batum,batumni01,230
Nicolas Batum,batumni01,230
Nicolas Batum,batumni01,230
Nicolas Batum,batumni01,230
Nicolas Batum,batumni01,230
Nicolas Batum,batumni01,230
Nicolas Batum,batumni01,230
Nicolas Batum,batumni01,230
Nicolas Batum,batumni01,230
Nicolas Batum,batumni01,230
Nicolas Batum,batumni01,230
Nicolas Batum,batumni01,230
Nicolas Batum,batumni01,230
Nicolas Batum,batumni01,230
Nicolas Batum,batumni01,230
Amida Brimah,brimaam01,230
Carlos Delfino,delfica01,230
Carlos Delfino,delfica01,230
Carlos Delfino,delfica01,230
Carlos Delfino,delfica01,230
Carlos Delfino,delfica01,230
Carlos Delfino,delfica01,230
Carlos Delfino,delfica01,230
Carlos Delfino,delfica01,230
Luka Dončić,doncilu01,230
Luka Dončić,doncilu01,230
Luka Dončić,doncilu01,230
Luka Dončić,doncilu01,230
Luka Dončić,doncilu01,230
Luka Dončić,doncilu01,230
Sekou Doumbouya,doumbse01,230
Sekou Doumbouya,doumbse01,230
Sekou Doumbouya,doumbse01,230
Rick Fox,foxri01,230
Rick Fox,foxri01,230
Rick Fox,foxri01,230
Rick Fox,foxri01,230
Rick Fox,foxri01,230
Rick Fox,foxri01,230
Rick Fox,foxri01,230
Rick Fox,foxri01,230
Rick Fox,foxri01,230
Rick Fox,foxri01,230
Rick Fox,foxri01,230
Rick Fox,foxri01,230
Rick Fox,foxri01,230
Rui Hachimura,hachiru01,230
Rui Hachimura,hachiru01,230
Rui Hachimura,hachiru01,230
Rui Hachimura,hachiru01,230
Rui Hachimura,hachiru01,230
Mile Ilić,ilicmi01,230
Christian Koloko,kolokch01,230
Mangok Mathiang,mathima01,230
Luc Mbah a Moute,mbahalu01,230
Luc Mbah a Moute,mbahalu01,230
Luc Mbah a Moute,mbahalu01,230
Luc Mbah a Moute,mbahalu01,230
Luc Mbah a Moute,mbahalu01,230
Luc Mbah a Moute,mbahalu01,230
Luc Mbah a Moute,mbahalu01,230
Luc Mbah a Moute,mbahalu01,230
Luc Mbah a Moute,mbahalu01,230
Luc Mbah a Moute,mbahalu01,230
Luc Mbah a Moute,mbahalu01,230
Luc Mbah a Moute,mbahalu01,230
Nathan Mensah,mensana01,230
Erik Murphy,murpher01,230
Cedi Osman,osmande01,230
Cedi Osman,osmande01,230
Cedi Osman,osmande01,230
Cedi Osman,osmande01,230
Cedi Osman,osmande01,230
Cedi Osman,osmande01,230
Cedi Osman,osmande01,230
Olivier-Maxence Prosper,prospol01,230
Soumaila Samake,samakso01,230
Soumaila Samake,samakso01,230
Rony Seikaly,seikaro01,230
Rony Seikaly,seikaro01,230
Rony Seikaly,seikaro01,230
Rony Seikaly,seikaro01,230
Rony Seikaly,seikaro01,230
Rony Seikaly,seikaro01,230
Rony Seikaly,seikaro01,230
Rony Seikaly,seikaro01,230
Rony Seikaly,seikaro01,230
Rony Seikaly,seikaro01,230
Rony Seikaly,seikaro01,230
Mouhamed Sene,senesa01,230
Mouhamed Sene,senesa01,230
Mouhamed Sene,senesa01,230
Pascal Siakam,siakapa01,230
Pascal Siakam,siakapa01,230
Pascal Siakam,siakapa01,230
Pascal Siakam,siakapa01,230
Pascal Siakam,siakapa01,230
Pascal Siakam,siakapa01,230
Pascal Siakam,siakapa01,230
Pascal Siakam,siakapa01,230
Michael Stewart,stewami01,230
Michael Stewart,stewami01,230
Michael Stewart,stewami01,230
Michael Stewart,stewami01,230
Michael Stewart,stewami01,230
Michael Stewart,stewami01,230
Michael Stewart,stewami01,230
Michael Stewart,stewami01,230
Anžejs Pasečņiks,pasecan01,229
Anžejs Pasečņiks,pasecan01,229
Peja Stojaković,stojape01,229
Peja Stojaković,stojape01,229
Peja Stojaković,stojape01,229
Peja Stojaković,stojape01,229
Peja Stojaković,stojape01,229
Peja Stojaković,stojape01,229
Peja Stojaković,stojape01,229
Peja Stojaković,stojape01,229
Peja Stojaković,stojape01,229
Peja Stojaković,stojape01,229
Peja Stojaković,stojape01,229
Peja Stojaković,stojape01,229
Peja Stojaković,stojape01,229
Mamadi Diakite,diakima01,228
Mamadi Diakite,diakima01,228
Mamadi Diakite,diakima01,228
Mamadi Diakite,diakima01,228
Rodions Kurucs,kurucro01,228
Rodions Kurucs,kurucro01,228
Rodions Kurucs,kurucro01,228
Damjan Rudež,rudezda01,228
Damjan Rudež,rudezda01,228
Damjan Rudež,rudezda01,228
Vladimir Radmanović,radmavl01,227
Vladimir Radmanović,radmavl01,227
Vladimir Radmanović,radmavl01,227
Vladimir Radmanović,radmavl01,227
Vladimir Radmanović,radmavl01,227
Vladimir Radmanović,radmavl01,227
Vladimir Radmanović,radmavl01,227
Vladimir Radmanović,radmavl01,227
Vladimir Radmanović,radmavl01,227
Vladimir Radmanović,radmavl01,227
Vladimir Radmanović,radmavl01,227
Vladimir Radmanović,radmavl01,227
Luka Šamanić,samanlu01,227
Luka Šamanić,samanlu01,227
Luka Šamanić,samanlu01,227
Luka Šamanić,samanlu01,227
Bojan Bogdanović,bogdabo02,226
Bojan Bogdanović,bogdabo02,226
Bojan Bogdanović,bogdabo02,226
Bojan Bogdanović,bogdabo02,226
Bojan Bogdanović,bogdabo02,226
Bojan Bogdanović,bogdabo02,226
Bojan Bogdanović,bogdabo02,226
Bojan Bogdanović,bogdabo02,226
Bojan Bogdanović,bogdabo02,226
Bojan Bogdanović,bogdabo02,226
Donté Greene,greendo01,226
Donté Greene,greendo01,226
Donté Greene,greendo01,226
Donté Greene,greendo01,226
Mychal Thompson,thompmy01,226
Mychal Thompson,thompmy01,226
Mychal Thompson,thompmy01,226
Mychal Thompson,thompmy01,226
Mychal Thompson,thompmy01,226
Mychal Thompson,thompmy01,226
Mychal Thompson,thompmy01,226
Mychal Thompson,thompmy01,226
Mychal Thompson,thompmy01,226
Mychal Thompson,thompmy01,226
Mychal Thompson,thompmy01,226
Mychal Thompson,thompmy01,226
Precious Achiuwa,achiupr01,225
Precious Achiuwa,achiupr01,225
Precious Achiuwa,achiupr01,225
Precious Achiuwa,achiupr01,225
Dragan Bender,bendedr01,225
Dragan Bender,bendedr01,225
Dragan Bender,bendedr01,225
Dragan Bender,bendedr01,225
Dāvis Bertāns,bertada01,225
Dāvis Bertāns,bertada01,225
Dāvis Bertāns,bertada01,225
Dāvis Bertāns,bertada01,225
Dāvis Bertāns,bertada01,225
Dāvis Bertāns,bertada01,225
Dāvis Bertāns,bertada01,225
Dāvis Bertāns,bertada01,225
Dillon Brooks,brookdi01,225
Dillon Brooks,brookdi01,225
Dillon Brooks,brookdi01,225
Dillon Brooks,brookdi01,225
Dillon Brooks,brookdi01,225
Dillon Brooks,brookdi01,225
Dillon Brooks,brookdi01,225
Omri Casspi,casspom01,225
Omri Casspi,casspom01,225
Omri Casspi,casspom01,225
Omri Casspi,casspom01,225
Omri Casspi,casspom01,225
Omri Casspi,casspom01,225
Omri Casspi,casspom01,225
Omri Casspi,casspom01,225
Omri Casspi,casspom01,225
Omri Casspi,casspom01,225
Yakhouba Diawara,diawaya01,225
Yakhouba Diawara,diawaya01,225
Yakhouba Diawara,diawaya01,225
Yakhouba Diawara,diawaya01,225
Andrés Guibert,guibean01,225
Andrés Guibert,guibean01,225
Lars Hansen,hansela01,225
Walter Herrmann,herrmwa01,225
Walter Herrmann,herrmwa01,225
Walter Herrmann,herrmwa01,225
Bob Houbregs,houbrbo01,225
Bob Houbregs,houbrbo01,225
Bob Houbregs,houbrbo01,225
Bob Houbregs,houbrbo01,225
Bob Houbregs,houbrbo01,225
Damir Markota,markoda01,225
Abdel Nader,naderab01,225
Abdel Nader,naderab01,225
Abdel Nader,naderab01,225
Abdel Nader,naderab01,225
Abdel Nader,naderab01,225
Andrés Nocioni,nocioan01,225
Andrés Nocioni,nocioan01,225
Andrés Nocioni,nocioan01,225
Andrés Nocioni,nocioan01,225
Andrés Nocioni,nocioan01,225
Andrés Nocioni,nocioan01,225
Andrés Nocioni,nocioan01,225
Andrés Nocioni,nocioan01,225
José Ortiz,ortizjo01,225
José Ortiz,ortizjo01,225
Kostas Papanikolaou,papanko01,225
Kostas Papanikolaou,papanko01,225
Dino Radja,radjadi01,225
Dino Radja,radjadi01,225
Dino Radja,radjadi01,225
Dino Radja,radjadi01,225
Dario Šarić,saricda01,225
Dario Šarić,saricda01,225
Dario Šarić,saricda01,225
Dario Šarić,saricda01,225
Dario Šarić,saricda01,225
Dario Šarić,saricda01,225
Dario Šarić,saricda01,225
Predrag Savović,savovpr01,225
Pape Sy,sypa01,225
Jeff Taylor,tayloje03,225
Jeff Taylor,tayloje03,225
Jeff Taylor,tayloje03,225
Nikoloz Tskitishvili,tskitni01,225
Nikoloz Tskitishvili,tskitni01,225
Nikoloz Tskitishvili,tskitni01,225
Nikoloz Tskitishvili,tskitni01,225
Sasha Vezenkov,vezenal01,225
Marcus Vinicius,vincima01,225
Marcus Vinicius,vincima01,225
Franz Wagner,wagnefr01,225
Franz Wagner,wagnefr01,225
Franz Wagner,wagnefr01,225
Jack White,whiteja03,225
Jack White,whiteja03,225
Santi Aldama,aldamsa01,224
Santi Aldama,aldamsa01,224
Santi Aldama,aldamsa01,224
Dexter Cambridge,cambrde01,224
Victor Claver,clavevi01,224
Victor Claver,clavevi01,224
Victor Claver,clavevi01,224
Tariq Abdul-Wahad,abdulta01,223
Tariq Abdul-Wahad,abdulta01,223
Tariq Abdul-Wahad,abdulta01,223
Tariq Abdul-Wahad,abdulta01,223
Tariq Abdul-Wahad,abdulta01,223
Tariq Abdul-Wahad,abdulta01,223
Tristan Vukcevic,vukcetr01,223
T.J. Leaf,leaftj01,222
T.J. Leaf,leaftj01,222
T.J. Leaf,leaftj01,222
T.J. Leaf,leaftj01,222
Chima Moneke,monekch01,222
Donatas Motiejūnas,motiedo01,222
Donatas Motiejūnas,motiedo01,222
Donatas Motiejūnas,motiedo01,222
Donatas Motiejūnas,motiedo01,222
Donatas Motiejūnas,motiedo01,222
Donatas Motiejūnas,motiedo01,222
Ignas Brazdeikis,brazdig01,221
Ignas Brazdeikis,brazdig01,221
Ignas Brazdeikis,brazdig01,221
Thon Maker,makerth01,221
Thon Maker,makerth01,221
Thon Maker,makerth01,221
Thon Maker,makerth01,221
Thon Maker,makerth01,221
Boštjan Nachbar,nachbbo01,221
Boštjan Nachbar,nachbbo01,221
Boštjan Nachbar,nachbbo01,221
Boštjan Nachbar,nachbbo01,221
Boštjan Nachbar,nachbbo01,221
Boštjan Nachbar,nachbbo01,221
Kyle Alexander,alexaky01,220
Kelenna Azubuike,azubuke01,220
Kelenna Azubuike,azubuke01,220
Kelenna Azubuike,azubuke01,220
Kelenna Azubuike,azubuke01,220
Kelenna Azubuike,azubuke01,220
Marco Belinelli,belinma01,220
Marco Belinelli,belinma01,220
Marco Belinelli,belinma01,220
Marco Belinelli,belinma01,220
Marco Belinelli,belinma01,220
Marco Belinelli,belinma01,220
Marco Belinelli,belinma01,220
Marco Belinelli,belinma01,220
Marco Belinelli,belinma01,220
Marco Belinelli,belinma01,220
Marco Belinelli,belinma01,220
Marco Belinelli,belinma01,220
Marco Belinelli,belinma01,220
Bogdan Bogdanović,bogdabo01,220
Bogdan Bogdanović,bogdabo01,220
Bogdan Bogdanović,bogdabo01,220
Bogdan Bogdanović,bogdabo01,220
Bogdan Bogdanović,bogdabo01,220
Bogdan Bogdanović,bogdabo01,220
Bogdan Bogdanović,bogdabo01,220
Bol Bol,bolbo01,220
Bol Bol,bolbo01,220
Bol Bol,bolbo01,220
Bol Bol,bolbo01,220
Bol Bol,bolbo01,220
Jonah Bolden,boldejo01,220
Jonah Bolden,boldejo01,220
Lazaro Borrell,borrela01,220
John Brown,brownjo01,220
John Brown,brownjo01,220
John Brown,brownjo01,220
John Brown,brownjo01,220
John Brown,brownjo01,220
John Brown,brownjo01,220
John Brown,brownjo01,220
Toumani Camara,camarto01,220
Petr Cornelie,cornepe01,220
Duje Dukan,dukandu01,220
Gary Forbes,forbega01,220
Gary Forbes,forbega01,220
Alex Garcia,garcial01,220
Alex Garcia,garcial01,220
Usman Garuba,garubus01,220
Usman Garuba,garubus01,220
Usman Garuba,garubus01,220
Xavier Henry,henryxa01,220
Xavier Henry,henryxa01,220
Xavier Henry,henryxa01,220
Xavier Henry,henryxa01,220
Xavier Henry,henryxa01,220
Mario Hezonja,hezonma01,220
Mario Hezonja,hezonma01,220
Mario Hezonja,hezonma01,220
Mario Hezonja,hezonma01,220
Mario Hezonja,hezonma01,220
Buddy Hield,hieldbu01,220
Buddy Hield,hieldbu01,220
Buddy Hield,hieldbu01,220
Buddy Hield,hieldbu01,220
Buddy Hield,hieldbu01,220
Buddy Hield,hieldbu01,220
Buddy Hield,hieldbu01,220
Buddy Hield,hieldbu01,220
Joe Ingles,inglejo01,220
Joe Ingles,inglejo01,220
Joe Ingles,inglejo01,220
Joe Ingles,inglejo01,220
Joe Ingles,inglejo01,220
Joe Ingles,inglejo01,220
Joe Ingles,inglejo01,220
Joe Ingles,inglejo01,220
Joe Ingles,inglejo01,220
Joe Ingles,inglejo01,220
Omari Johnson,johnsom01,220
Andrei Kirilenko,kirilan01,220
Andrei Kirilenko,kirilan01,220
Andrei Kirilenko,kirilan01,220
Andrei Kirilenko,kirilan01,220
Andrei Kirilenko,kirilan01,220
Andrei Kirilenko,kirilan01,220
Andrei Kirilenko,kirilan01,220
Andrei Kirilenko,kirilan01,220
Andrei Kirilenko,kirilan01,220
Andrei Kirilenko,kirilan01,220
Andrei Kirilenko,kirilan01,220
Andrei Kirilenko,kirilan01,220
Andrei Kirilenko,kirilan01,220
Joffrey Lauvergne,lauvejo01,220
Joffrey Lauvergne,lauvejo01,220
Joffrey Lauvergne,lauvejo01,220
Joffrey Lauvergne,lauvejo01,220
Timothé Luwawu-Cabarrot,luwawti01,220
Timothé Luwawu-Cabarrot,luwawti01,220
Timothé Luwawu-Cabarrot,luwawti01,220
Timothé Luwawu-Cabarrot,luwawti01,220
Timothé Luwawu-Cabarrot,luwawti01,220
Timothé Luwawu-Cabarrot,luwawti01,220
Fernando Martín,martife01,220
Sergei Monia,moniase01,220
Sasha Pavlović,pavloal01,220
Sasha Pavlović,pavloal01,220
Sasha Pavlović,pavloal01,220
Sasha Pavlović,pavloal01,220
Sasha Pavlović,pavloal01,220
Sasha Pavlović,pavloal01,220
Sasha Pavlović,pavloal01,220
Sasha Pavlović,pavloal01,220
Sasha Pavlović,pavloal01,220
Sasha Pavlović,pavloal01,220
Kirk Penney,penneki01,220
Kirk Penney,penneki01,220
Olden Polynice,polynol01,220
Olden Polynice,polynol01,220
Olden Polynice,polynol01,220
Olden Polynice,polynol01,220
Olden Polynice,polynol01,220
Olden Polynice,polynol01,220
Olden Polynice,polynol01,220
Olden Polynice,polynol01,220
Olden Polynice,polynol01,220
Olden Polynice,polynol01,220
Olden Polynice,polynol01,220
Olden Polynice,polynol01,220
Olden Polynice,polynol01,220
Olden Polynice,polynol01,220
Olden Polynice,polynol01,220
Bruno Šundov,sundobr01,220
Bruno Šundov,sundobr01,220
Bruno Šundov,sundobr01,220
Bruno Šundov,sundobr01,220
Bruno Šundov,sundobr01,220
Bruno Šundov,sundobr01,220
Bruno Šundov,sundobr01,220
Killian Tillie,tilliki02,220
Killian Tillie,tilliki02,220
Hedo Türkoğlu,turkohe01,220
Hedo Türkoğlu,turkohe01,220
Hedo Türkoğlu,turkohe01,220
Hedo Türkoğlu,turkohe01,220
Hedo Türkoğlu,turkohe01,220
Hedo Türkoğlu,turkohe01,220
Hedo Türkoğlu,turkohe01,220
Hedo Türkoğlu,turkohe01,220
Hedo Türkoğlu,turkohe01,220
Hedo Türkoğlu,turkohe01,220
Hedo Türkoğlu,turkohe01,220
Hedo Türkoğlu,turkohe01,220
Hedo Türkoğlu,turkohe01,220
Hedo Türkoğlu,turkohe01,220
Hedo Türkoğlu,turkohe01,220
Kiki Vandeweghe,vandeki01,220
Kiki Vandeweghe,vandeki01,220
Kiki Vandeweghe,vandeki01,220
Kiki Vandeweghe,vandeki01,220
Kiki Vandeweghe,vandeki01,220
Kiki Vandeweghe,vandeki01,220
Kiki Vandeweghe,vandeki01,220
Kiki Vandeweghe,vandeki01,220
Kiki Vandeweghe,vandeki01,220
Kiki Vandeweghe,vandeki01,220
Kiki Vandeweghe,vandeki01,220
Kiki Vandeweghe,vandeki01,220
Kiki Vandeweghe,vandeki01,220
Thanasis Antetokounmpo,antetth01,219
Thanasis Antetokounmpo,antetth01,219
Thanasis Antetokounmpo,antetth01,219
Thanasis Antetokounmpo,antetth01,219
Thanasis Antetokounmpo,antetth01,219
Thanasis Antetokounmpo,antetth01,219
Cheick Diallo,diallch01,219
Cheick Diallo,diallch01,219
Cheick Diallo,diallch01,219
Cheick Diallo,diallch01,219
Cheick Diallo,diallch01,219
Antonis Fotsis,fotsian01,219
Bruno Caboclo,cabocbr01,218
Bruno Caboclo,cabocbr01,218
Bruno Caboclo,cabocbr01,218
Bruno Caboclo,cabocbr01,218
Bruno Caboclo,cabocbr01,218
Bruno Caboclo,cabocbr01,218
Bruno Caboclo,cabocbr01,218
Kai Jones,joneska01,218
Kai Jones,joneska01,218
Naz Mitrou-Long,mitrona01,218
Naz Mitrou-Long,mitrona01,218
Naz Mitrou-Long,mitrona01,218
Alexander Volkov,volkoal01,218
Alexander Volkov,volkoal01,218
Džanan Musa,musadz01,217
Džanan Musa,musadz01,217
Tornike Shengelia,shengto01,217
Tornike Shengelia,shengto01,217
Greivis Vásquez,vasqugr01,217
Greivis Vásquez,vasqugr01,217
Greivis Vásquez,vasqugr01,217
Greivis Vásquez,vasqugr01,217
Greivis Vásquez,vasqugr01,217
Greivis Vásquez,vasqugr01,217
Greivis Vásquez,vasqugr01,217
Mitch Creek,creekmi01,216
Ousmane Dieng,diengou01,216
Ousmane Dieng,diengou01,216
Jaylen Hoard,hoardja01,216
Jaylen Hoard,hoardja01,216
Jaylen Hoard,hoardja01,216
Marko Simonovic,simonma01,216
Marko Simonovic,simonma01,216
Onuralp Bitim,bitimon01,215
Ryan Broekhoff,broekry01,215
Ryan Broekhoff,broekry01,215
Steve Bucknall,bucknst01,215
Brandon Clarke,clarkbr01,215
Brandon Clarke,clarkbr01,215
Brandon Clarke,clarkbr01,215
Brandon Clarke,clarkbr01,215
Brandon Clarke,clarkbr01,215
Gigi Datome,datomlu01,215
Gigi Datome,datomlu01,215
Luguentz Dort,dortlu01,215
Luguentz Dort,dortlu01,215
Luguentz Dort,dortlu01,215
Luguentz Dort,dortlu01,215
Luguentz Dort,dortlu01,215
Mickaël Gelabale,gelabmi01,215
Mickaël Gelabale,gelabmi01,215
Mickaël Gelabale,gelabmi01,215
Carl Herrera,herreca01,215
Carl Herrera,herreca01,215
Carl Herrera,herreca01,215
Carl Herrera,herreca01,215
Carl Herrera,herreca01,215
Carl Herrera,herreca01,215
Carl Herrera,herreca01,215
Carl Herrera,herreca01,215
Mindaugas Kuzminskas,kuzmimi01,215
Mindaugas Kuzminskas,kuzmimi01,215
Stéphane Lasme,lasmest01,215
Tom Meschery,meschto01,215
Tom Meschery,meschto01,215
Tom Meschery,meschto01,215
Tom Meschery,meschto01,215
Tom Meschery,meschto01,215
Tom Meschery,meschto01,215
Tom Meschery,meschto01,215
Tom Meschery,meschto01,215
Tom Meschery,meschto01,215
Tom Meschery,meschto01,215
Jamal Murray,murraja01,215
Jamal Murray,murraja01,215
Jamal Murray,murraja01,215
Jamal Murray,murraja01,215
Jamal Murray,murraja01,215
Jamal Murray,murraja01,215
Jamal Murray,murraja01,215
Žarko Paspalj,paspaza01,215
Mickaël Piétrus,pietrmi01,215
Mickaël Piétrus,pietrmi01,215
Mickaël Piétrus,pietrmi01,215
Mickaël Piétrus,pietrmi01,215
Mickaël Piétrus,pietrmi01,215
Mickaël Piétrus,pietrmi01,215
Mickaël Piétrus,pietrmi01,215
Mickaël Piétrus,pietrmi01,215
Mickaël Piétrus,pietrmi01,215
Mickaël Piétrus,pietrmi01,215
Yves Pons,ponsyv01,215
Leo Rautins,rautile01,215
Leo Rautins,rautile01,215
Wayne Sappleton,sapplwa01,215
Thabo Sefolosha,sefolth01,215
Thabo Sefolosha,sefolth01,215
Thabo Sefolosha,sefolth01,215
Thabo Sefolosha,sefolth01,215
Thabo Sefolosha,sefolth01,215
Thabo Sefolosha,sefolth01,215
Thabo Sefolosha,sefolth01,215
Thabo Sefolosha,sefolth01,215
Thabo Sefolosha,sefolth01,215
Thabo Sefolosha,sefolth01,215
Thabo Sefolosha,sefolth01,215
Thabo Sefolosha,sefolth01,215
Thabo Sefolosha,sefolth01,215
Thabo Sefolosha,sefolth01,215
Alen Smailagić,smailal01,215
Alen Smailagić,smailal01,215
João Vianna,viannjo01,215
Yuta Watanabe,watanyu01,215
Yuta Watanabe,watanyu01,215
Yuta Watanabe,watanyu01,215
Yuta Watanabe,watanyu01,215
Yuta Watanabe,watanyu01,215
Yuta Watanabe,watanyu01,215
Dominique Wilkins,wilkido01,215
Dominique Wilkins,wilkido01,215
Dominique Wilkins,wilkido01,215
Dominique Wilkins,wilkido01,215
Dominique Wilkins,wilkido01,215
Dominique Wilkins,wilkido01,215
Dominique Wilkins,wilkido01,215
Dominique Wilkins,wilkido01,215
Dominique Wilkins,wilkido01,215
Dominique Wilkins,wilkido01,215
Dominique Wilkins,wilkido01,215
Dominique Wilkins,wilkido01,215
Dominique Wilkins,wilkido01,215
Dominique Wilkins,wilkido01,215
Dominique Wilkins,wilkido01,215
Paul Zipser,zipsepa01,215
Paul Zipser,zipsepa01,215
RJ Barrett,barrerj01,214
RJ Barrett,barrerj01,214
RJ Barrett,barrerj01,214
RJ Barrett,barrerj01,214
RJ Barrett,barrerj01,214
Dante Exum,exumda01,214
Dante Exum,exumda01,214
Dante Exum,exumda01,214
Dante Exum,exumda01,214
Dante Exum,exumda01,214
Dante Exum,exumda01,214
Dante Exum,exumda01,214
Juancho Hernangómez,hernaju01,214
Juancho Hernangómez,hernaju01,214
Juancho Hernangómez,hernaju01,214
Juancho Hernangómez,hernaju01,214
Juancho Hernangómez,hernaju01,214
Juancho Hernangómez,hernaju01,214
Juancho Hernangómez,hernaju01,214
Arvydas Macijauskas,macijar01,214
Josh Okogie,okogijo01,213
Josh Okogie,okogijo01,213
Josh Okogie,okogijo01,213
Josh Okogie,okogijo01,213
Josh Okogie,okogijo01,213
Josh Okogie,okogijo01,213
Malcolm Cazalon,cazalma01,212
Deni Avdija,avdijde01,210
Deni Avdija,avdijde01,210
Deni Avdija,avdijde01,210
Deni Avdija,avdijde01,210
Oshae Brissett,brissos01,210
Oshae Brissett,brissos01,210
Oshae Brissett,brissos01,210
Oshae Brissett,brissos01,210
Oshae Brissett,brissos01,210
Moussa Diabaté,diabamo01,210
Moussa Diabaté,diabamo01,210
Christian Eyenga,eyengch01,210
Christian Eyenga,eyengch01,210
Patricio Garino,garinpa01,210
Josh Giddey,giddejo01,210
Josh Giddey,giddejo01,210
Josh Giddey,giddejo01,210
Gordan Giriček,giricgo01,210
Gordan Giriček,giricgo01,210
Gordan Giriček,giricgo01,210
Gordan Giriček,giricgo01,210
Gordan Giriček,giricgo01,210
Gordan Giriček,giricgo01,210
Ernie Grunfeld,grunfer01,210
Ernie Grunfeld,grunfer01,210
Ernie Grunfeld,grunfer01,210
Ernie Grunfeld,grunfer01,210
Ernie Grunfeld,grunfer01,210
Ernie Grunfeld,grunfer01,210
Ernie Grunfeld,grunfer01,210
Ernie Grunfeld,grunfer01,210
Ernie Grunfeld,grunfer01,210
Mouhamed Gueye,gueyemo02,210
Kris Joseph,josepkr01,210
Viktor Khryapa,khryavi01,210
Viktor Khryapa,khryavi01,210
Viktor Khryapa,khryavi01,210
Viktor Khryapa,khryavi01,210
Jonathan Kuminga,kuminjo01,210
Jonathan Kuminga,kuminjo01,210
Jonathan Kuminga,kuminjo01,210
Bennedict Mathurin,mathube01,210
Bennedict Mathurin,mathube01,210
Leonard Miller,millele01,210
Zhou Qi,qizh01,210
Zhou Qi,qizh01,210
Antoine Rigaudeau,rigauan01,210
Tomáš Satoranský,satorto01,210
Tomáš Satoranský,satorto01,210
Tomáš Satoranský,satorto01,210
Tomáš Satoranský,satorto01,210
Tomáš Satoranský,satorto01,210
Tomáš Satoranský,satorto01,210
Cam Thomas,thomaca02,210
Cam Thomas,thomaca02,210
Cam Thomas,thomaca02,210
Óscar Torres,torreos01,210
Óscar Torres,torreos01,210
Duane Washington Jr.,washidu02,210
Duane Washington Jr.,washidu02,210
Simone Fontecchio,fontesi01,209
Simone Fontecchio,fontesi01,209
Nikola Jović,jovicni01,209
Nikola Jović,jovicni01,209
Gui Santos,santogu01,209
Victor Wembanyama,wembavi01,209
Reggie Jackson,jacksre01,208
Reggie Jackson,jacksre01,208
Reggie Jackson,jacksre01,208
Reggie Jackson,jacksre01,208
Reggie Jackson,jacksre01,208
Reggie Jackson,jacksre01,208
Reggie Jackson,jacksre01,208
Reggie Jackson,jacksre01,208
Reggie Jackson,jacksre01,208
Reggie Jackson,jacksre01,208
Reggie Jackson,jacksre01,208
Reggie Jackson,jacksre01,208
Reggie Jackson,jacksre01,208
Sergey Karasev,karasse01,208
Sergey Karasev,karasse01,208
Sergey Karasev,karasse01,208
Xavier Rathan-Mayes,rathaxa01,208
Jiří Welsch,welscji01,208
Jiří Welsch,welscji01,208
Jiří Welsch,welscji01,208
Jiří Welsch,welscji01,208
William Howard,howarwi01,207
Nickeil Alexander-Walker,alexani01,205
Nickeil Alexander-Walker,alexani01,205
Nickeil Alexander-Walker,alexani01,205
Nickeil Alexander-Walker,alexani01,205
Nickeil Alexander-Walker,alexani01,205
Kenton Edelin,edelike01,205
Evan Fournier,fournev01,205
Evan Fournier,fournev01,205
Evan Fournier,fournev01,205
Evan Fournier,fournev01,205
Evan Fournier,fournev01,205
Evan Fournier,fournev01,205
Evan Fournier,fournev01,205
Evan Fournier,fournev01,205
Evan Fournier,fournev01,205
Evan Fournier,fournev01,205
Evan Fournier,fournev01,205
Evan Fournier,fournev01,205
Wenyen Gabriel,gabriwe01,205
Wenyen Gabriel,gabriwe01,205
Wenyen Gabriel,gabriwe01,205
Wenyen Gabriel,gabriwe01,205
Wenyen Gabriel,gabriwe01,205
Andrew Gaze,gazean01,205
Andrew Gaze,gazean01,205
Manu Ginóbili,ginobma01,205
Manu Ginóbili,ginobma01,205
Manu Ginóbili,ginobma01,205
Manu Ginóbili,ginobma01,205
Manu Ginóbili,ginobma01,205
Manu Ginóbili,ginobma01,205
Manu Ginóbili,ginobma01,205
Manu Ginóbili,ginobma01,205
Manu Ginóbili,ginobma01,205
Manu Ginóbili,ginobma01,205
Manu Ginóbili,ginobma01,205
Manu Ginóbili,ginobma01,205
Manu Ginóbili,ginobma01,205
Manu Ginóbili,ginobma01,205
Manu Ginóbili,ginobma01,205
Manu Ginóbili,ginobma01,205
Caleb Houstan,houstca01,205
Caleb Houstan,houstca01,205
Svi Mykhailiuk,mykhasv01,205
Svi Mykhailiuk,mykhasv01,205
Svi Mykhailiuk,mykhasv01,205
Svi Mykhailiuk,mykhasv01,205
Svi Mykhailiuk,mykhasv01,205
Svi Mykhailiuk,mykhasv01,205
Anthony Randolph,randoan01,205
Anthony Randolph,randoan01,205
Anthony Randolph,randoan01,205
Anthony Randolph,randoan01,205
Anthony Randolph,randoan01,205
Anthony Randolph,randoan01,205
Rayan Rupert,ruperra01,205
Nik Stauskas,stausni01,205
Nik Stauskas,stausni01,205
Nik Stauskas,stausni01,205
Nik Stauskas,stausni01,205
Nik Stauskas,stausni01,205
Nik Stauskas,stausni01,205
Beno Udrih,udrihbe01,205
Beno Udrih,udrihbe01,205
Beno Udrih,udrihbe01,205
Beno Udrih,udrihbe01,205
Beno Udrih,udrihbe01,205
Beno Udrih,udrihbe01,205
Beno Udrih,udrihbe01,205
Beno Udrih,udrihbe01,205
Beno Udrih,udrihbe01,205
Beno Udrih,udrihbe01,205
Beno Udrih,udrihbe01,205
Beno Udrih,udrihbe01,205
Beno Udrih,udrihbe01,205
Sun Yue,yuesu01,205
Dalano Banton,bantoda01,204
Dalano Banton,bantoda01,204
Dalano Banton,bantoda01,204
Raja Bell,bellra01,204
Raja Bell,bellra01,204
Raja Bell,bellra01,204
Raja Bell,bellra01,204
Raja Bell,bellra01,204
Raja Bell,bellra01,204
Raja Bell,bellra01,204
Raja Bell,bellra01,204
Raja Bell,bellra01,204
Raja Bell,bellra01,204
Raja Bell,bellra01,204
Raja Bell,bellra01,204
Yaroslav Korolev,korolya01,203
Yaroslav Korolev,korolya01,203
Gabriel Lundberg,lundbga01,203
Carlos Arroyo,arroyca01,202
Carlos Arroyo,arroyca01,202
Carlos Arroyo,arroyca01,202
Carlos Arroyo,arroyca01,202
Carlos Arroyo,arroyca01,202
Carlos Arroyo,arroyca01,202
Carlos Arroyo,arroyca01,202
Carlos Arroyo,arroyca01,202
Carlos Arroyo,arroyca01,202
Furkan Korkmaz,korkmfu01,202
Furkan Korkmaz,korkmfu01,202
Furkan Korkmaz,korkmfu01,202
Furkan Korkmaz,korkmfu01,202
Furkan Korkmaz,korkmfu01,202
Furkan Korkmaz,korkmfu01,202
Furkan Korkmaz,korkmfu01,202
Miles Simon,simonmi01,202
Marko Gudurić,gudurma01,201
Álex Abrines,abrinal01,200
Álex Abrines,abrinal01,200
Álex Abrines,abrinal01,200
Deng Adel,adelde01,200
Kostas Antetokounmpo,antetko01,200
Kostas Antetokounmpo,antetko01,200
Kostas Antetokounmpo,antetko01,200
Dairis Bertāns,bertada02,200
Manute Bol,bolma01,200
Manute Bol,bolma01,200
Manute Bol,bolma01,200
Manute Bol,bolma01,200
Manute Bol,bolma01,200
Manute Bol,bolma01,200
Manute Bol,bolma01,200
Manute Bol,bolma01,200
Manute Bol,bolma01,200
Manute Bol,bolma01,200
Leandro Bolmaro,bolmale01,200
Leandro Bolmaro,bolmale01,200
Chris Boucher,bouchch01,200
Chris Boucher,bouchch01,200
Chris Boucher,bouchch01,200
Chris Boucher,bouchch01,200
Chris Boucher,bouchch01,200
Chris Boucher,bouchch01,200
Chris Boucher,bouchch01,200
José Calderón,caldejo01,200
José Calderón,caldejo01,200
José Calderón,caldejo01,200
José Calderón,caldejo01,200
José Calderón,caldejo01,200
José Calderón,caldejo01,200
José Calderón,caldejo01,200
José Calderón,caldejo01,200
José Calderón,caldejo01,200
José Calderón,caldejo01,200
José Calderón,caldejo01,200
José Calderón,caldejo01,200
José Calderón,caldejo01,200
José Calderón,caldejo01,200
Sidy Cissoko,cissosi01,200
Sasha Danilović,danilsa01,200
Sasha Danilović,danilsa01,200
Nate Darling,darlina01,200
Nando De Colo,decolna01,200
Nando De Colo,decolna01,200
Matthew Dellavedova,dellama01,200
Matthew Dellavedova,dellama01,200
Matthew Dellavedova,dellama01,200
Matthew Dellavedova,dellama01,200
Matthew Dellavedova,dellama01,200
Matthew Dellavedova,dellama01,200
Matthew Dellavedova,dellama01,200
Matthew Dellavedova,dellama01,200
Matthew Dellavedova,dellama01,200
Zoran Dragić,dragizo01,200
Ndudi Ebi,ebind01,200
Ndudi Ebi,ebind01,200
Luis Flores,florelu01,200
Ben Gordon,gordobe01,200
Ben Gordon,gordobe01,200
Ben Gordon,gordobe01,200
Ben Gordon,gordobe01,200
Ben Gordon,gordobe01,200
Ben Gordon,gordobe01,200
Ben Gordon,gordobe01,200
Ben Gordon,gordobe01,200
Ben Gordon,gordobe01,200
Ben Gordon,gordobe01,200
Ben Gordon,gordobe01,200
Josh Green,greenjo02,200
Josh Green,greenjo02,200
Josh Green,greenjo02,200
Josh Green,greenjo02,200
Marcelo Huertas,huertma01,200
Marcelo Huertas,huertma01,200
Cory Joseph,josepco01,200
Cory Joseph,josepco01,200
Cory Joseph,josepco01,200
Cory Joseph,josepco01,200
Cory Joseph,josepco01,200
Cory Joseph,josepco01,200
Cory Joseph,josepco01,200
Cory Joseph,josepco01,200
Cory Joseph,josepco01,200
Cory Joseph,josepco01,200
Cory Joseph,josepco01,200
Cory Joseph,josepco01,200
Cory Joseph,josepco01,200
Ibo Kutluay,kutluib01,200
Šarūnas Marčiulionis,marcisa01,200
Šarūnas Marčiulionis,marcisa01,200
Šarūnas Marčiulionis,marcisa01,200
Šarūnas Marčiulionis,marcisa01,200
Šarūnas Marčiulionis,marcisa01,200
Šarūnas Marčiulionis,marcisa01,200
Šarūnas Marčiulionis,marcisa01,200
Vasilije Micić,micicva01,200
Emmanuel Mudiay,mudiaem01,200
Emmanuel Mudiay,mudiaem01,200
Emmanuel Mudiay,mudiaem01,200
Emmanuel Mudiay,mudiaem01,200
Emmanuel Mudiay,mudiaem01,200
Emmanuel Mudiay,mudiaem01,200
Maurice Ndour,ndourma01,200
Frank Ntilikina,ntilila01,200
Frank Ntilikina,ntilila01,200
Frank Ntilikina,ntilila01,200
Frank Ntilikina,ntilila01,200
Frank Ntilikina,ntilila01,200
Frank Ntilikina,ntilila01,200
Frank Ntilikina,ntilila01,200
Shaedon Sharpe,sharpsh01,200
Shaedon Sharpe,sharpsh01,200
Dyson Daniels,daniedy01,199
Dyson Daniels,daniedy01,199
Felipe López,lopezfe01,199
Felipe López,lopezfe01,199
Felipe López,lopezfe01,199
Felipe López,lopezfe01,199
Aleksandar Djordjevic,djordal01,198
Vincenzo Esposito,esposvi01,198
Marko Jarić,jaricma01,198
Marko Jarić,jaricma01,198
Marko Jarić,jaricma01,198
Marko Jarić,jaricma01,198
Marko Jarić,jaricma01,198
Marko Jarić,jaricma01,198
Marko Jarić,jaricma01,198
Arnoldas Kulboka,kulboar01,198
Boniface N'Dong,ndongbo01,198
Marial Shayok,shayoma01,198
Axel Toupane,toupaax01,197
Axel Toupane,toupaax01,197
Axel Toupane,toupaax01,197
Andrew Wiggins,wiggian01,197
Andrew Wiggins,wiggian01,197
Andrew Wiggins,wiggian01,197
Andrew Wiggins,wiggian01,197
Andrew Wiggins,wiggian01,197
Andrew Wiggins,wiggian01,197
Andrew Wiggins,wiggian01,197
Andrew Wiggins,wiggian01,197
Andrew Wiggins,wiggian01,197
Andrew Wiggins,wiggian01,197
Miloš Teodosić,teodomi01,196
Miloš Teodosić,teodomi01,196
Nicolás Brussino,brussni01,195
Nicolás Brussino,brussni01,195
Facundo Campazzo,campafa01,195
Facundo Campazzo,campafa01,195
Facundo Campazzo,campafa01,195
Bilal Coulibaly,coulibi01,195
Jo Jo English,englijo01,195
Jo Jo English,englijo01,195
Jo Jo English,englijo01,195
Frido Frey,freyfr01,195
Francisco García,garcifr01,195
Francisco García,garcifr01,195
Francisco García,garcifr01,195
Francisco García,garcifr01,195
Francisco García,garcifr01,195
Francisco García,garcifr01,195
Francisco García,garcifr01,195
Francisco García,garcifr01,195
Francisco García,garcifr01,195
Francisco García,garcifr01,195
Kyrie Irving,irvinky01,195
Kyrie Irving,irvinky01,195
Kyrie Irving,irvinky01,195
Kyrie Irving,irvinky01,195
Kyrie Irving,irvinky01,195
Kyrie Irving,irvinky01,195
Kyrie Irving,irvinky01,195
Kyrie Irving,irvinky01,195
Kyrie Irving,irvinky01,195
Kyrie Irving,irvinky01,195
Kyrie Irving,irvinky01,195
Kyrie Irving,irvinky01,195
Kyrie Irving,irvinky01,195
Šarūnas Jasikevičius,jasiksa01,195
Šarūnas Jasikevičius,jasiksa01,195
Vit Krejci,krejcvi01,195
Vit Krejci,krejcvi01,195
Vit Krejci,krejcvi01,195
Steve Nash,nashst01,195
Steve Nash,nashst01,195
Steve Nash,nashst01,195
Steve Nash,nashst01,195
Steve Nash,nashst01,195
Steve Nash,nashst01,195
Steve Nash,nashst01,195
Steve Nash,nashst01,195
Steve Nash,nashst01,195
Steve Nash,nashst01,195
Steve Nash,nashst01,195
Steve Nash,nashst01,195
Steve Nash,nashst01,195
Steve Nash,nashst01,195
Steve Nash,nashst01,195
Steve Nash,nashst01,195
Steve Nash,nashst01,195
Steve Nash,nashst01,195
Dražen Petrović,petrodr01,195
Dražen Petrović,petrodr01,195
Dražen Petrović,petrodr01,195
Dražen Petrović,petrodr01,195
Zoran Planinić,planizo01,195
Zoran Planinić,planizo01,195
Zoran Planinić,planizo01,195
Rumeal Robinson,robinru01,195
Rumeal Robinson,robinru01,195
Rumeal Robinson,robinru01,195
Rumeal Robinson,robinru01,195
Rumeal Robinson,robinru01,195
Rumeal Robinson,robinru01,195
Pepe Sánchez,sanchpe01,195
Pepe Sánchez,sanchpe01,195
Vassilis Spanoulis,spanova01,195
Ernie Vandeweghe,vandeer01,195
Ernie Vandeweghe,vandeer01,195
Ernie Vandeweghe,vandeer01,195
Ernie Vandeweghe,vandeer01,195
Ernie Vandeweghe,vandeer01,195
Ernie Vandeweghe,vandeer01,195
Gundars Vētra,vetragu01,195
Sasha Vujačić,vujacsa01,195
Sasha Vujačić,vujacsa01,195
Sasha Vujačić,vujacsa01,195
Sasha Vujačić,vujacsa01,195
Sasha Vujačić,vujacsa01,195
Sasha Vujačić,vujacsa01,195
Sasha Vujačić,vujacsa01,195
Sasha Vujačić,vujacsa01,195
Sasha Vujačić,vujacsa01,195
Sasha Vujačić,vujacsa01,195
Duane Washington,washidu01,195
Duane Washington,washidu01,195
Leandro Barbosa,barbole01,194
Leandro Barbosa,barbole01,194
Leandro Barbosa,barbole01,194
Leandro Barbosa,barbole01,194
Leandro Barbosa,barbole01,194
Leandro Barbosa,barbole01,194
Leandro Barbosa,barbole01,194
Leandro Barbosa,barbole01,194
Leandro Barbosa,barbole01,194
Leandro Barbosa,barbole01,194
Leandro Barbosa,barbole01,194
Leandro Barbosa,barbole01,194
Leandro Barbosa,barbole01,194
Leandro Barbosa,barbole01,194
Tyler Ennis,ennisty01,194
Tyler Ennis,ennisty01,194
Tyler Ennis,ennisty01,194
Tyler Ennis,ennisty01,194
Andrew Nembhard,nembhan01,193
Andrew Nembhard,nembhan01,193
Guillermo Díaz,diazgu01,192
Georgios Kalaitzakis,kalaige01,192
Toni Kukoč,kukocto01,192
Toni Kukoč,kukocto01,192
Toni Kukoč,kukocto01,192
Toni Kukoč,kukocto01,192
Toni Kukoč,kukocto01,192
Toni Kukoč,kukocto01,192
Toni Kukoč,kukocto01,192
Toni Kukoč,kukocto01,192
Toni Kukoč,kukocto01,192
Toni Kukoč,kukocto01,192
Toni Kukoč,kukocto01,192
Toni Kukoč,kukocto01,192
Toni Kukoč,kukocto01,192
Nemanja Nedović,nedovne01,192
Jorge Gutiérrez,gutiejo01,191
Jorge Gutiérrez,gutiejo01,191
Jorge Gutiérrez,gutiejo01,191
Gal Mekel,mekelga01,191
Gal Mekel,mekelga01,191
Rolando Blackman,blackro01,190
Rolando Blackman,blackro01,190
Rolando Blackman,blackro01,190
Rolando Blackman,blackro01,190
Rolando Blackman,blackro01,190
Rolando Blackman,blackro01,190
Rolando Blackman,blackro01,190
Rolando Blackman,blackro01,190
Rolando Blackman,blackro01,190
Rolando Blackman,blackro01,190
Rolando Blackman,blackro01,190
Rolando Blackman,blackro01,190
Rolando Blackman,blackro01,190
Goran Dragić,dragigo01,190
Goran Dragić,dragigo01,190
Goran Dragić,dragigo01,190
Goran Dragić,dragigo01,190
Goran Dragić,dragigo01,190
Goran Dragić,dragigo01,190
Goran Dragić,dragigo01,190
Goran Dragić,dragigo01,190
Goran Dragić,dragigo01,190
Goran Dragić,dragigo01,190
Goran Dragić,dragigo01,190
Goran Dragić,dragigo01,190
Goran Dragić,dragigo01,190
Goran Dragić,dragigo01,190
Goran Dragić,dragigo01,190
Chris Duarte,duartch01,190
Chris Duarte,duartch01,190
Chris Duarte,duartch01,190
Stewart Granger,grangst01,190
Stewart Granger,grangst01,190
Stewart Granger,grangst01,190
Chris Harris,harrich01,190
Karim Mané,maneka01,190
Nico Mannion,mannini01,190
Rawle Marshall,marshra01,190
Rawle Marshall,marshra01,190
Adam Mokoka,mokokad01,190
Adam Mokoka,mokokad01,190
Elie Okobo,okoboel01,190
Elie Okobo,okoboel01,190
Aleksej Pokusevski,pokusal01,190
Aleksej Pokusevski,pokusal01,190
Aleksej Pokusevski,pokusal01,190
Aleksej Pokusevski,pokusal01,190
Joshua Primo,primojo01,190
Joshua Primo,primojo01,190
Joshua Primo,primojo01,190
Ricky Rubio,rubiori01,190
Ricky Rubio,rubiori01,190
Ricky Rubio,rubiori01,190
Ricky Rubio,rubiori01,190
Ricky Rubio,rubiori01,190
Ricky Rubio,rubiori01,190
Ricky Rubio,rubiori01,190
Ricky Rubio,rubiori01,190
Ricky Rubio,rubiori01,190
Ricky Rubio,rubiori01,190
Ricky Rubio,rubiori01,190
Ricky Rubio,rubiori01,190
Alexey Shved,shvedal01,190
Alexey Shved,shvedal01,190
Alexey Shved,shvedal01,190
Deividas Sirvydis,sirvyde01,190
Deividas Sirvydis,sirvyde01,190
Lindell Wigginton,wiggili01,189
Lindell Wigginton,wiggili01,189
Lindell Wigginton,wiggili01,189
D'Moi Hodge,hodgedm01,188
Didi Louzada,louzama01,188
Didi Louzada,louzama01,188
Henri Drell,drellhe01,187
Hank Beenders,beendha01,185
Hank Beenders,beendha01,185
Hank Beenders,beendha01,185
Gian Clavell,clavegi01,185
Rudy Fernández,fernaru01,185
Rudy Fernández,fernaru01,185
Rudy Fernández,fernaru01,185
Rudy Fernández,fernaru01,185
Woody Grimshaw,grimswo01,185
Butch Lee,leebu01,185
Butch Lee,leebu01,185
Luis Montero,montelu01,185
Luis Montero,montelu01,185
Tony Parker,parketo01,185
Tony Parker,parketo01,185
Tony Parker,parketo01,185
Tony Parker,parketo01,185
Tony Parker,parketo01,185
Tony Parker,parketo01,185
Tony Parker,parketo01,185
Tony Parker,parketo01,185
Tony Parker,parketo01,185
Tony Parker,parketo01,185
Tony Parker,parketo01,185
Tony Parker,parketo01,185
Tony Parker,parketo01,185
Tony Parker,parketo01,185
Tony Parker,parketo01,185
Tony Parker,parketo01,185
Tony Parker,parketo01,185
Tony Parker,parketo01,185
Pablo Prigioni,prigipa01,185
Pablo Prigioni,prigipa01,185
Pablo Prigioni,prigipa01,185
Pablo Prigioni,prigipa01,185
Mychal Mulder,muldemy01,184
Mychal Mulder,muldemy01,184
Mychal Mulder,muldemy01,184
Xavier Cooks,cooksxa01,183
Igor Rakočević,rakocig01,183
Roko Ukić,ukicro01,183
Roko Ukić,ukicro01,183
Joel Ayayi,ayayijo01,180
Norm Baker,bakerno01,180
J.J. Barea,bareajo01,180
J.J. Barea,bareajo01,180
J.J. Barea,bareajo01,180
J.J. Barea,bareajo01,180
J.J. Barea,bareajo01,180
J.J. Barea,bareajo01,180
J.J. Barea,bareajo01,180
J.J. Barea,bareajo01,180
J.J. Barea,bareajo01,180
J.J. Barea,bareajo01,180
J.J. Barea,bareajo01,180
J.J. Barea,bareajo01,180
J.J. Barea,bareajo01,180
J.J. Barea,bareajo01,180
Isaac Bonga,bongais01,180
Isaac Bonga,bongais01,180
Isaac Bonga,bongais01,180
Isaac Bonga,bongais01,180
Ken Charles,charlke01,180
Ken Charles,charlke01,180
Ken Charles,charlke01,180
Ken Charles,charlke01,180
Ken Charles,charlke01,180
Mike Flynn,flynnmi01,180
Mike Flynn,flynnmi01,180
Shai Gilgeous-Alexander,gilgesh01,180
Shai Gilgeous-Alexander,gilgesh01,180
Shai Gilgeous-Alexander,gilgesh01,180
Shai Gilgeous-Alexander,gilgesh01,180
Shai Gilgeous-Alexander,gilgesh01,180
Shai Gilgeous-Alexander,gilgesh01,180
Shane Heal,healsh01,180
Shane Heal,healsh01,180
Nicolás Laprovíttola,laproni01,180
Johnny Macknowski,macknjo01,180
Johnny Macknowski,macknjo01,180
Patty Mills,millspa02,180
Patty Mills,millspa02,180
Patty Mills,millspa02,180
Patty Mills,millspa02,180
Patty Mills,millspa02,180
Patty Mills,millspa02,180
Patty Mills,millspa02,180
Patty Mills,millspa02,180
Patty Mills,millspa02,180
Patty Mills,millspa02,180
Patty Mills,millspa02,180
Patty Mills,millspa02,180
Patty Mills,millspa02,180
Patty Mills,millspa02,180
Patty Mills,millspa02,180
Raul Neto,netora01,180
Raul Neto,netora01,180
Raul Neto,netora01,180
Raul Neto,netora01,180
Raul Neto,netora01,180
Raul Neto,netora01,180
Raul Neto,netora01,180
Raul Neto,netora01,180
A.J. Lawson,lawsoaj01,179
A.J. Lawson,lawsoaj01,179
Kevin Pangos,pangoke01,179
Mãozinha Pereira,pereima01,177
Sergio Rodríguez,rodrise01,176
Sergio Rodríguez,rodrise01,176
Sergio Rodríguez,rodrise01,176
Sergio Rodríguez,rodrise01,176
Sergio Rodríguez,rodrise01,176
Hank Biasatti,biasaha01,175
Steve Kerr,kerrst01,175
Steve Kerr,kerrst01,175
Steve Kerr,kerrst01,175
Steve Kerr,kerrst01,175
Steve Kerr,kerrst01,175
Steve Kerr,kerrst01,175
Steve Kerr,kerrst01,175
Steve Kerr,kerrst01,175
Steve Kerr,kerrst01,175
Steve Kerr,kerrst01,175
Steve Kerr,kerrst01,175
Steve Kerr,kerrst01,175
Steve Kerr,kerrst01,175
Steve Kerr,kerrst01,175
Steve Kerr,kerrst01,175
Théo Maledon,maledth01,175
Théo Maledon,maledth01,175
Théo Maledon,maledth01,175
Théo Maledon,maledth01,175
Jason Miskiri,miskija01,175
Gino Sovran,sovragi01,175
Dennis Schröder,schrode01,172
Dennis Schröder,schrode01,172
Dennis Schröder,schrode01,172
Dennis Schröder,schrode01,172
Dennis Schröder,schrode01,172
Dennis Schröder,schrode01,172
Dennis Schröder,schrode01,172
Dennis Schröder,schrode01,172
Dennis Schröder,schrode01,172
Dennis Schröder,schrode01,172
Dennis Schröder,schrode01,172
Rodrigue Beaubois,beaubro01,170
Rodrigue Beaubois,beaubro01,170
Rodrigue Beaubois,beaubro01,170
Rodrigue Beaubois,beaubro01,170
Raül López,lopezra01,170
Raül López,lopezra01,170
Juan Carlos Navarro,navarju01,170
Sergei Bazarevich,bazarse01,168
Yuta Tabuse,tabusyu01,165
Charlie Hoefer,hoefech01,158
Charlie Hoefer,hoefech01,158
