Player,Player-additional,Ht.
Manute Bol,bolma01,7-7
Manute Bol,bolma01,7-7
Manute Bol,bolma01,7-7
Manute Bol,bolma01,7-7
Manute Bol,bolma01,7-7
Manute Bol,bolma01,7-7
Manute Bol,bolma01,7-7
Manute Bol,bolma01,7-7
Manute Bol,bolma01,7-7
Manute Bol,bolma01,7-7
Gheorghe Mureșan,muresgh01,7-7
Gheorghe Mureșan,muresgh01,7-7
Gheorghe Mureșan,muresgh01,7-7
Gheorghe Mureșan,muresgh01,7-7
Gheorghe Mureșan,muresgh01,7-7
Gheorghe Mureșan,muresgh01,7-7
Shawn Bradley,bradlsh01,7-6
Shawn Bradley,bradlsh01,7-6
Shawn Bradley,bradlsh01,7-6
Shawn Bradley,bradlsh01,7-6
Shawn Bradley,bradlsh01,7-6
Shawn Bradley,bradlsh01,7-6
Shawn Bradley,bradlsh01,7-6
Shawn Bradley,bradlsh01,7-6
Shawn Bradley,bradlsh01,7-6
Shawn Bradley,bradlsh01,7-6
Shawn Bradley,bradlsh01,7-6
Shawn Bradley,bradlsh01,7-6
Tacko Fall,fallta01,7-6
Tacko Fall,fallta01,7-6
Tacko Fall,fallta01,7-6
Yao Ming,mingya01,7-6
Yao Ming,mingya01,7-6
Yao Ming,mingya01,7-6
Yao Ming,mingya01,7-6
Yao Ming,mingya01,7-6
Yao Ming,mingya01,7-6
Yao Ming,mingya01,7-6
Yao Ming,mingya01,7-6
Sim Bhullar,bhullsi01,7-5
Pavel Podkolzin,podkopa01,7-5
Pavel Podkolzin,podkopa01,7-5
Slavko Vraneš,vranesl01,7-5
Boban Marjanović,marjabo01,7-4
Boban Marjanović,marjabo01,7-4
Boban Marjanović,marjabo01,7-4
Boban Marjanović,marjabo01,7-4
Boban Marjanović,marjabo01,7-4
Boban Marjanović,marjabo01,7-4
Boban Marjanović,marjabo01,7-4
Boban Marjanović,marjabo01,7-4
Boban Marjanović,marjabo01,7-4
Rik Smits,smitsri01,7-4
Rik Smits,smitsri01,7-4
Rik Smits,smitsri01,7-4
Rik Smits,smitsri01,7-4
Rik Smits,smitsri01,7-4
Rik Smits,smitsri01,7-4
Rik Smits,smitsri01,7-4
Rik Smits,smitsri01,7-4
Rik Smits,smitsri01,7-4
Rik Smits,smitsri01,7-4
Rik Smits,smitsri01,7-4
Rik Smits,smitsri01,7-4
Victor Wembanyama,wembavi01,7-4
Bol Bol,bolbo01,7-3
Bol Bol,bolbo01,7-3
Bol Bol,bolbo01,7-3
Bol Bol,bolbo01,7-3
Bol Bol,bolbo01,7-3
Zydrunas Ilgauskas,ilgauzy01,7-3
Zydrunas Ilgauskas,ilgauzy01,7-3
Zydrunas Ilgauskas,ilgauzy01,7-3
Zydrunas Ilgauskas,ilgauzy01,7-3
Zydrunas Ilgauskas,ilgauzy01,7-3
Zydrunas Ilgauskas,ilgauzy01,7-3
Zydrunas Ilgauskas,ilgauzy01,7-3
Zydrunas Ilgauskas,ilgauzy01,7-3
Zydrunas Ilgauskas,ilgauzy01,7-3
Zydrunas Ilgauskas,ilgauzy01,7-3
Zydrunas Ilgauskas,ilgauzy01,7-3
Zydrunas Ilgauskas,ilgauzy01,7-3
Zydrunas Ilgauskas,ilgauzy01,7-3
Tibor Pleiß,pleisti01,7-3
Aleksandar Radojević,radojal01,7-3
Aleksandar Radojević,radojal01,7-3
Peter John Ramos,ramospe01,7-3
Arvydas Sabonis,sabonar01,7-3
Arvydas Sabonis,sabonar01,7-3
Arvydas Sabonis,sabonar01,7-3
Arvydas Sabonis,sabonar01,7-3
Arvydas Sabonis,sabonar01,7-3
Arvydas Sabonis,sabonar01,7-3
Arvydas Sabonis,sabonar01,7-3
Ha Seung-Jin,seungha01,7-3
Ha Seung-Jin,seungha01,7-3
Edy Tavares,tavarwa01,7-3
Edy Tavares,tavarwa01,7-3
Hasheem Thabeet,thabeha01,7-3
Hasheem Thabeet,thabeha01,7-3
Hasheem Thabeet,thabeha01,7-3
Hasheem Thabeet,thabeha01,7-3
Hasheem Thabeet,thabeha01,7-3
Alexis Ajinça,ajincal01,7-2
Alexis Ajinça,ajincal01,7-2
Alexis Ajinça,ajincal01,7-2
Alexis Ajinça,ajincal01,7-2
Alexis Ajinça,ajincal01,7-2
Alexis Ajinça,ajincal01,7-2
Alexis Ajinça,ajincal01,7-2
Martynas Andriuškevičius,andrima01,7-2
Primož Brezec,brezepr01,7-2
Primož Brezec,brezepr01,7-2
Primož Brezec,brezepr01,7-2
Primož Brezec,brezepr01,7-2
Primož Brezec,brezepr01,7-2
Primož Brezec,brezepr01,7-2
Primož Brezec,brezepr01,7-2
Primož Brezec,brezepr01,7-2
James Donaldson,donalja01,7-2
James Donaldson,donalja01,7-2
James Donaldson,donalja01,7-2
James Donaldson,donalja01,7-2
James Donaldson,donalja01,7-2
James Donaldson,donalja01,7-2
James Donaldson,donalja01,7-2
James Donaldson,donalja01,7-2
James Donaldson,donalja01,7-2
James Donaldson,donalja01,7-2
James Donaldson,donalja01,7-2
James Donaldson,donalja01,7-2
James Donaldson,donalja01,7-2
James Donaldson,donalja01,7-2
Pétur Guðmundsson,gudmupe01,7-2
Pétur Guðmundsson,gudmupe01,7-2
Pétur Guðmundsson,gudmupe01,7-2
Pétur Guðmundsson,gudmupe01,7-2
Hamed Haddadi,haddaha01,7-2
Hamed Haddadi,haddaha01,7-2
Hamed Haddadi,haddaha01,7-2
Hamed Haddadi,haddaha01,7-2
Hamed Haddadi,haddaha01,7-2
Garth Joseph,josepga01,7-2
Luc Longley,longllu01,7-2
Luc Longley,longllu01,7-2
Luc Longley,longllu01,7-2
Luc Longley,longllu01,7-2
Luc Longley,longllu01,7-2
Luc Longley,longllu01,7-2
Luc Longley,longllu01,7-2
Luc Longley,longllu01,7-2
Luc Longley,longllu01,7-2
Luc Longley,longllu01,7-2
Salah Mejri,mejrisa01,7-2
Salah Mejri,mejrisa01,7-2
Salah Mejri,mejrisa01,7-2
Salah Mejri,mejrisa01,7-2
Dikembe Mutombo,mutomdi01,7-2
Dikembe Mutombo,mutomdi01,7-2
Dikembe Mutombo,mutomdi01,7-2
Dikembe Mutombo,mutomdi01,7-2
Dikembe Mutombo,mutomdi01,7-2
Dikembe Mutombo,mutomdi01,7-2
Dikembe Mutombo,mutomdi01,7-2
Dikembe Mutombo,mutomdi01,7-2
Dikembe Mutombo,mutomdi01,7-2
Dikembe Mutombo,mutomdi01,7-2
Dikembe Mutombo,mutomdi01,7-2
Dikembe Mutombo,mutomdi01,7-2
Dikembe Mutombo,mutomdi01,7-2
Dikembe Mutombo,mutomdi01,7-2
Dikembe Mutombo,mutomdi01,7-2
Dikembe Mutombo,mutomdi01,7-2
Dikembe Mutombo,mutomdi01,7-2
Dikembe Mutombo,mutomdi01,7-2
Kosta Perović,perovko01,7-2
Kristaps Porziņģis,porzikr01,7-2
Kristaps Porziņģis,porzikr01,7-2
Kristaps Porziņģis,porzikr01,7-2
Kristaps Porziņģis,porzikr01,7-2
Kristaps Porziņģis,porzikr01,7-2
Kristaps Porziņģis,porzikr01,7-2
Kristaps Porziņģis,porzikr01,7-2
Kristaps Porziņģis,porzikr01,7-2
Bruno Šundov,sundobr01,7-2
Bruno Šundov,sundobr01,7-2
Bruno Šundov,sundobr01,7-2
Bruno Šundov,sundobr01,7-2
Bruno Šundov,sundobr01,7-2
Bruno Šundov,sundobr01,7-2
Bruno Šundov,sundobr01,7-2
Cezary Trybański,trybace01,7-2
Cezary Trybański,trybace01,7-2
Jake Tsakalidis,tsakaja01,7-2
Jake Tsakalidis,tsakaja01,7-2
Jake Tsakalidis,tsakaja01,7-2
Jake Tsakalidis,tsakaja01,7-2
Jake Tsakalidis,tsakaja01,7-2
Jake Tsakalidis,tsakaja01,7-2
Jake Tsakalidis,tsakaja01,7-2
Stojko Vranković,vrankst01,7-2
Stojko Vranković,vrankst01,7-2
Stojko Vranković,vrankst01,7-2
Stojko Vranković,vrankst01,7-2
Stojko Vranković,vrankst01,7-2
Solomon Alabi,alabiso01,7-1
Solomon Alabi,alabiso01,7-1
Ibou Badji,badjiib01,7-1
Dalibor Bagarić,bagarda01,7-1
Dalibor Bagarić,bagarda01,7-1
Dalibor Bagarić,bagarda01,7-1
Uwe Blab,blabuw01,7-1
Uwe Blab,blabuw01,7-1
Uwe Blab,blabuw01,7-1
Uwe Blab,blabuw01,7-1
Uwe Blab,blabuw01,7-1
Rastko Cvetković,cvetkra01,7-1
Vlade Divac,divacvl01,7-1
Vlade Divac,divacvl01,7-1
Vlade Divac,divacvl01,7-1
Vlade Divac,divacvl01,7-1
Vlade Divac,divacvl01,7-1
Vlade Divac,divacvl01,7-1
Vlade Divac,divacvl01,7-1
Vlade Divac,divacvl01,7-1
Vlade Divac,divacvl01,7-1
Vlade Divac,divacvl01,7-1
Vlade Divac,divacvl01,7-1
Vlade Divac,divacvl01,7-1
Vlade Divac,divacvl01,7-1
Vlade Divac,divacvl01,7-1
Vlade Divac,divacvl01,7-1
Vlade Divac,divacvl01,7-1
Rolando Ferreira,ferrero01,7-1
Kyrylo Fesenko,fesenky01,7-1
Kyrylo Fesenko,fesenky01,7-1
Kyrylo Fesenko,fesenky01,7-1
Kyrylo Fesenko,fesenky01,7-1
Kyrylo Fesenko,fesenky01,7-1
Andreas Glyniadakis,glynian01,7-1
Rudy Gobert,goberru01,7-1
Rudy Gobert,goberru01,7-1
Rudy Gobert,goberru01,7-1
Rudy Gobert,goberru01,7-1
Rudy Gobert,goberru01,7-1
Rudy Gobert,goberru01,7-1
Rudy Gobert,goberru01,7-1
Rudy Gobert,goberru01,7-1
Rudy Gobert,goberru01,7-1
Rudy Gobert,goberru01,7-1
Rudy Gobert,goberru01,7-1
Tito Horford,horfoti01,7-1
Tito Horford,horfoti01,7-1
Tito Horford,horfoti01,7-1
Mile Ilić,ilicmi01,7-1
Mario Kasun,kasunma01,7-1
Mario Kasun,kasunma01,7-1
Christian Koloko,kolokch01,7-1
Ognjen Kuzmić,kuzmiog01,7-1
Ognjen Kuzmić,kuzmiog01,7-1
Timofey Mozgov,mozgoti01,7-1
Timofey Mozgov,mozgoti01,7-1
Timofey Mozgov,mozgoti01,7-1
Timofey Mozgov,mozgoti01,7-1
Timofey Mozgov,mozgoti01,7-1
Timofey Mozgov,mozgoti01,7-1
Timofey Mozgov,mozgoti01,7-1
Timofey Mozgov,mozgoti01,7-1
Georgios Papagiannis,papagge01,7-1
Georgios Papagiannis,papagge01,7-1
Anžejs Pasečņiks,pasecan01,7-1
Anžejs Pasečņiks,pasecan01,7-1
Zhou Qi,qizh01,7-1
Zhou Qi,qizh01,7-1
Cheikh Samb,sambch01,7-1
Cheikh Samb,sambch01,7-1
Luke Schenscher,schenlu01,7-1
Luke Schenscher,schenlu01,7-1
Dmytro Skapintsev,skapidm01,7-1
Ratko Varda,vardara01,7-1
Jim Zoet,zoetji01,7-1
Chris Anstey,anstech01,7-0
Chris Anstey,anstech01,7-0
Chris Anstey,anstech01,7-0
Ömer Aşık,asikom01,7-0
Ömer Aşık,asikom01,7-0
Ömer Aşık,asikom01,7-0
Ömer Aşık,asikom01,7-0
Ömer Aşık,asikom01,7-0
Ömer Aşık,asikom01,7-0
Ömer Aşık,asikom01,7-0
Ömer Aşık,asikom01,7-0
Deandre Ayton,aytonde01,7-0
Deandre Ayton,aytonde01,7-0
Deandre Ayton,aytonde01,7-0
Deandre Ayton,aytonde01,7-0
Deandre Ayton,aytonde01,7-0
Deandre Ayton,aytonde01,7-0
Miloš Babić,babicmi01,7-0
Miloš Babić,babicmi01,7-0
Andrea Bargnani,bargnan01,7-0
Andrea Bargnani,bargnan01,7-0
Andrea Bargnani,bargnan01,7-0
Andrea Bargnani,bargnan01,7-0
Andrea Bargnani,bargnan01,7-0
Andrea Bargnani,bargnan01,7-0
Andrea Bargnani,bargnan01,7-0
Andrea Bargnani,bargnan01,7-0
Andrea Bargnani,bargnan01,7-0
Andrea Bargnani,bargnan01,7-0
Dragan Bender,bendedr01,7-0
Dragan Bender,bendedr01,7-0
Dragan Bender,bendedr01,7-0
Dragan Bender,bendedr01,7-0
Andrew Bogut,bogutan01,7-0
Andrew Bogut,bogutan01,7-0
Andrew Bogut,bogutan01,7-0
Andrew Bogut,bogutan01,7-0
Andrew Bogut,bogutan01,7-0
Andrew Bogut,bogutan01,7-0
Andrew Bogut,bogutan01,7-0
Andrew Bogut,bogutan01,7-0
Andrew Bogut,bogutan01,7-0
Andrew Bogut,bogutan01,7-0
Andrew Bogut,bogutan01,7-0
Andrew Bogut,bogutan01,7-0
Andrew Bogut,bogutan01,7-0
Andrew Bogut,bogutan01,7-0
Ruben Boumtje-Boumtje,boumtru01,7-0
Ruben Boumtje-Boumtje,boumtru01,7-0
Ruben Boumtje-Boumtje,boumtru01,7-0
Wallace Bryant,bryanwa01,7-0
Wallace Bryant,bryanwa01,7-0
Wallace Bryant,bryanwa01,7-0
Charles Claxton,claxtch01,7-0
Ron Crevier,creviro01,7-0
Yinka Dare,dareyi01,7-0
Yinka Dare,dareyi01,7-0
Yinka Dare,dareyi01,7-0
Yinka Dare,dareyi01,7-0
DeSagana Diop,diopde01,7-0
DeSagana Diop,diopde01,7-0
DeSagana Diop,diopde01,7-0
DeSagana Diop,diopde01,7-0
DeSagana Diop,diopde01,7-0
DeSagana Diop,diopde01,7-0
DeSagana Diop,diopde01,7-0
DeSagana Diop,diopde01,7-0
DeSagana Diop,diopde01,7-0
DeSagana Diop,diopde01,7-0
DeSagana Diop,diopde01,7-0
DeSagana Diop,diopde01,7-0
Francisco Elson,elsonfr01,7-0
Francisco Elson,elsonfr01,7-0
Francisco Elson,elsonfr01,7-0
Francisco Elson,elsonfr01,7-0
Francisco Elson,elsonfr01,7-0
Francisco Elson,elsonfr01,7-0
Francisco Elson,elsonfr01,7-0
Francisco Elson,elsonfr01,7-0
Francisco Elson,elsonfr01,7-0
Joel Embiid,embiijo01,7-0
Joel Embiid,embiijo01,7-0
Joel Embiid,embiijo01,7-0
Joel Embiid,embiijo01,7-0
Joel Embiid,embiijo01,7-0
Joel Embiid,embiijo01,7-0
Joel Embiid,embiijo01,7-0
Joel Embiid,embiijo01,7-0
Semih Erden,erdense01,7-0
Semih Erden,erdense01,7-0
Patrick Ewing,ewingpa01,7-0
Patrick Ewing,ewingpa01,7-0
Patrick Ewing,ewingpa01,7-0
Patrick Ewing,ewingpa01,7-0
Patrick Ewing,ewingpa01,7-0
Patrick Ewing,ewingpa01,7-0
Patrick Ewing,ewingpa01,7-0
Patrick Ewing,ewingpa01,7-0
Patrick Ewing,ewingpa01,7-0
Patrick Ewing,ewingpa01,7-0
Patrick Ewing,ewingpa01,7-0
Patrick Ewing,ewingpa01,7-0
Patrick Ewing,ewingpa01,7-0
Patrick Ewing,ewingpa01,7-0
Patrick Ewing,ewingpa01,7-0
Patrick Ewing,ewingpa01,7-0
Patrick Ewing,ewingpa01,7-0
Pau Gasol,gasolpa01,7-0
Pau Gasol,gasolpa01,7-0
Pau Gasol,gasolpa01,7-0
Pau Gasol,gasolpa01,7-0
Pau Gasol,gasolpa01,7-0
Pau Gasol,gasolpa01,7-0
Pau Gasol,gasolpa01,7-0
Pau Gasol,gasolpa01,7-0
Pau Gasol,gasolpa01,7-0
Pau Gasol,gasolpa01,7-0
Pau Gasol,gasolpa01,7-0
Pau Gasol,gasolpa01,7-0
Pau Gasol,gasolpa01,7-0
Pau Gasol,gasolpa01,7-0
Pau Gasol,gasolpa01,7-0
Pau Gasol,gasolpa01,7-0
Pau Gasol,gasolpa01,7-0
Pau Gasol,gasolpa01,7-0
Stuart Gray,grayst01,7-0
Stuart Gray,grayst01,7-0
Stuart Gray,grayst01,7-0
Stuart Gray,grayst01,7-0
Stuart Gray,grayst01,7-0
Stuart Gray,grayst01,7-0
Stuart Gray,grayst01,7-0
Geert Hammink,hammige01,7-0
Geert Hammink,hammige01,7-0
Geert Hammink,hammige01,7-0
Isaac Humphries,humphis01,7-0
Yi Jianlian,jianlyi01,7-0
Yi Jianlian,jianlyi01,7-0
Yi Jianlian,jianlyi01,7-0
Yi Jianlian,jianlyi01,7-0
Yi Jianlian,jianlyi01,7-0
Jerome Jordan,jordaje01,7-0
Jerome Jordan,jordaje01,7-0
Viacheslav Kravtsov,kravtvi01,7-0
Viacheslav Kravtsov,kravtvi01,7-0
Nenad Krstić,krstine01,7-0
Nenad Krstić,krstine01,7-0
Nenad Krstić,krstine01,7-0
Nenad Krstić,krstine01,7-0
Nenad Krstić,krstine01,7-0
Nenad Krstić,krstine01,7-0
Nenad Krstić,krstine01,7-0
Alex Len,lenal01,7-0
Alex Len,lenal01,7-0
Alex Len,lenal01,7-0
Alex Len,lenal01,7-0
Alex Len,lenal01,7-0
Alex Len,lenal01,7-0
Alex Len,lenal01,7-0
Alex Len,lenal01,7-0
Alex Len,lenal01,7-0
Alex Len,lenal01,7-0
Alex Len,lenal01,7-0
Todd MacCulloch,maccuto01,7-0
Todd MacCulloch,maccuto01,7-0
Todd MacCulloch,maccuto01,7-0
Todd MacCulloch,maccuto01,7-0
Thon Maker,makerth01,7-0
Thon Maker,makerth01,7-0
Thon Maker,makerth01,7-0
Thon Maker,makerth01,7-0
Thon Maker,makerth01,7-0
Lauri Markkanen,markkla01,7-0
Lauri Markkanen,markkla01,7-0
Lauri Markkanen,markkla01,7-0
Lauri Markkanen,markkla01,7-0
Lauri Markkanen,markkla01,7-0
Lauri Markkanen,markkla01,7-0
Lauri Markkanen,markkla01,7-0
D.J. Mbenga,mbengdj01,7-0
D.J. Mbenga,mbengdj01,7-0
D.J. Mbenga,mbengdj01,7-0
D.J. Mbenga,mbengdj01,7-0
D.J. Mbenga,mbengdj01,7-0
D.J. Mbenga,mbengdj01,7-0
D.J. Mbenga,mbengdj01,7-0
Fab Melo,melofa01,7-0
Darko Miličić,milicda01,7-0
Darko Miličić,milicda01,7-0
Darko Miličić,milicda01,7-0
Darko Miličić,milicda01,7-0
Darko Miličić,milicda01,7-0
Darko Miličić,milicda01,7-0
Darko Miličić,milicda01,7-0
Darko Miličić,milicda01,7-0
Darko Miličić,milicda01,7-0
Darko Miličić,milicda01,7-0
Donatas Motiejūnas,motiedo01,7-0
Donatas Motiejūnas,motiedo01,7-0
Donatas Motiejūnas,motiedo01,7-0
Donatas Motiejūnas,motiedo01,7-0
Donatas Motiejūnas,motiedo01,7-0
Donatas Motiejūnas,motiedo01,7-0
Hamady N'Diaye,ndiayha01,7-0
Hamady N'Diaye,ndiayha01,7-0
Hamady N'Diaye,ndiayha01,7-0
Mamadou N'Diaye,ndiayma02,7-0
Mamadou N'Diaye,ndiayma02,7-0
Mamadou N'Diaye,ndiayma02,7-0
Mamadou N'Diaye,ndiayma02,7-0
Mamadou N'Diaye,ndiayma02,7-0
Boniface N'Dong,ndongbo01,7-0
Rasho Nesterović,nestera01,7-0
Rasho Nesterović,nestera01,7-0
Rasho Nesterović,nestera01,7-0
Rasho Nesterović,nestera01,7-0
Rasho Nesterović,nestera01,7-0
Rasho Nesterović,nestera01,7-0
Rasho Nesterović,nestera01,7-0
Rasho Nesterović,nestera01,7-0
Rasho Nesterović,nestera01,7-0
Rasho Nesterović,nestera01,7-0
Rasho Nesterović,nestera01,7-0
Rasho Nesterović,nestera01,7-0
Lucas Nogueira,noguelu01,7-0
Lucas Nogueira,noguelu01,7-0
Lucas Nogueira,noguelu01,7-0
Lucas Nogueira,noguelu01,7-0
Dirk Nowitzki,nowitdi01,7-0
Dirk Nowitzki,nowitdi01,7-0
Dirk Nowitzki,nowitdi01,7-0
Dirk Nowitzki,nowitdi01,7-0
Dirk Nowitzki,nowitdi01,7-0
Dirk Nowitzki,nowitdi01,7-0
Dirk Nowitzki,nowitdi01,7-0
Dirk Nowitzki,nowitdi01,7-0
Dirk Nowitzki,nowitdi01,7-0
Dirk Nowitzki,nowitdi01,7-0
Dirk Nowitzki,nowitdi01,7-0
Dirk Nowitzki,nowitdi01,7-0
Dirk Nowitzki,nowitdi01,7-0
Dirk Nowitzki,nowitdi01,7-0
Dirk Nowitzki,nowitdi01,7-0
Dirk Nowitzki,nowitdi01,7-0
Dirk Nowitzki,nowitdi01,7-0
Dirk Nowitzki,nowitdi01,7-0
Dirk Nowitzki,nowitdi01,7-0
Dirk Nowitzki,nowitdi01,7-0
Dirk Nowitzki,nowitdi01,7-0
Jusuf Nurkić,nurkiju01,7-0
Jusuf Nurkić,nurkiju01,7-0
Jusuf Nurkić,nurkiju01,7-0
Jusuf Nurkić,nurkiju01,7-0
Jusuf Nurkić,nurkiju01,7-0
Jusuf Nurkić,nurkiju01,7-0
Jusuf Nurkić,nurkiju01,7-0
Jusuf Nurkić,nurkiju01,7-0
Jusuf Nurkić,nurkiju01,7-0
Jusuf Nurkić,nurkiju01,7-0
Hakeem Olajuwon,olajuha01,7-0
Hakeem Olajuwon,olajuha01,7-0
Hakeem Olajuwon,olajuha01,7-0
Hakeem Olajuwon,olajuha01,7-0
Hakeem Olajuwon,olajuha01,7-0
Hakeem Olajuwon,olajuha01,7-0
Hakeem Olajuwon,olajuha01,7-0
Hakeem Olajuwon,olajuha01,7-0
Hakeem Olajuwon,olajuha01,7-0
Hakeem Olajuwon,olajuha01,7-0
Hakeem Olajuwon,olajuha01,7-0
Hakeem Olajuwon,olajuha01,7-0
Hakeem Olajuwon,olajuha01,7-0
Hakeem Olajuwon,olajuha01,7-0
Hakeem Olajuwon,olajuha01,7-0
Hakeem Olajuwon,olajuha01,7-0
Hakeem Olajuwon,olajuha01,7-0
Hakeem Olajuwon,olajuha01,7-0
Michael Olowokandi,olowomi01,7-0
Michael Olowokandi,olowomi01,7-0
Michael Olowokandi,olowomi01,7-0
Michael Olowokandi,olowomi01,7-0
Michael Olowokandi,olowomi01,7-0
Michael Olowokandi,olowomi01,7-0
Michael Olowokandi,olowomi01,7-0
Michael Olowokandi,olowomi01,7-0
Michael Olowokandi,olowomi01,7-0
Oleksiy Pecherov,pecheol01,7-0
Oleksiy Pecherov,pecheol01,7-0
Oleksiy Pecherov,pecheol01,7-0
Johan Petro,petrojo01,7-0
Johan Petro,petrojo01,7-0
Johan Petro,petrojo01,7-0
Johan Petro,petrojo01,7-0
Johan Petro,petrojo01,7-0
Johan Petro,petrojo01,7-0
Johan Petro,petrojo01,7-0
Johan Petro,petrojo01,7-0
Jakob Poeltl,poeltja01,7-0
Jakob Poeltl,poeltja01,7-0
Jakob Poeltl,poeltja01,7-0
Jakob Poeltl,poeltja01,7-0
Jakob Poeltl,poeltja01,7-0
Jakob Poeltl,poeltja01,7-0
Jakob Poeltl,poeltja01,7-0
Jakob Poeltl,poeltja01,7-0
Vincent Poirier,poirivi01,7-0
Vincent Poirier,poirivi01,7-0
Aleksej Pokusevski,pokusal01,7-0
Aleksej Pokusevski,pokusal01,7-0
Aleksej Pokusevski,pokusal01,7-0
Aleksej Pokusevski,pokusal01,7-0
Neemias Queta,quetane01,7-0
Neemias Queta,quetane01,7-0
Neemias Queta,quetane01,7-0
Miroslav Raduljica,radulmi01,7-0
Miroslav Raduljica,radulmi01,7-0
Željko Rebrača,rebraze01,7-0
Željko Rebrača,rebraze01,7-0
Željko Rebrača,rebraze01,7-0
Željko Rebrača,rebraze01,7-0
Željko Rebrača,rebraze01,7-0
Nick Richards,richani01,7-0
Nick Richards,richani01,7-0
Nick Richards,richani01,7-0
Nick Richards,richani01,7-0
Soumaila Samake,samakso01,7-0
Soumaila Samake,samakso01,7-0
Olivier Sarr,sarrol01,7-0
Olivier Sarr,sarrol01,7-0
Olivier Sarr,sarrol01,7-0
Mike Smrek,smrekmi01,7-0
Mike Smrek,smrekmi01,7-0
Mike Smrek,smrekmi01,7-0
Mike Smrek,smrekmi01,7-0
Mike Smrek,smrekmi01,7-0
Mike Smrek,smrekmi01,7-0
Mike Smrek,smrekmi01,7-0
Vladimir Stepania,stepavl01,7-0
Vladimir Stepania,stepavl01,7-0
Vladimir Stepania,stepavl01,7-0
Vladimir Stepania,stepavl01,7-0
Vladimir Stepania,stepavl01,7-0
Vladimir Stepania,stepavl01,7-0
Žan Tabak,tabakza01,7-0
Žan Tabak,tabakza01,7-0
Žan Tabak,tabakza01,7-0
Žan Tabak,tabakza01,7-0
Žan Tabak,tabakza01,7-0
Žan Tabak,tabakza01,7-0
Nikoloz Tskitishvili,tskitni01,7-0
Nikoloz Tskitishvili,tskitni01,7-0
Nikoloz Tskitishvili,tskitni01,7-0
Nikoloz Tskitishvili,tskitni01,7-0
Tristan Vukcevic,vukcetr01,7-0
Chris Welp,welpch01,7-0
Chris Welp,welpch01,7-0
Chris Welp,welpch01,7-0
Bill Wennington,wennibi01,7-0
Bill Wennington,wennibi01,7-0
Bill Wennington,wennibi01,7-0
Bill Wennington,wennibi01,7-0
Bill Wennington,wennibi01,7-0
Bill Wennington,wennibi01,7-0
Bill Wennington,wennibi01,7-0
Bill Wennington,wennibi01,7-0
Bill Wennington,wennibi01,7-0
Bill Wennington,wennibi01,7-0
Bill Wennington,wennibi01,7-0
Bill Wennington,wennibi01,7-0
Bill Wennington,wennibi01,7-0
Omer Yurtseven,yurtsom01,7-0
Omer Yurtseven,yurtsom01,7-0
Omer Yurtseven,yurtsom01,7-0
Wang Zhizhi,zhizhwa01,7-0
Wang Zhizhi,zhizhwa01,7-0
Wang Zhizhi,zhizhwa01,7-0
Wang Zhizhi,zhizhwa01,7-0
Wang Zhizhi,zhizhwa01,7-0
George Zídek,zidekge01,7-0
George Zídek,zidekge01,7-0
George Zídek,zidekge01,7-0
Ivica Zubac,zubaciv01,7-0
Ivica Zubac,zubaciv01,7-0
Ivica Zubac,zubaciv01,7-0
Ivica Zubac,zubaciv01,7-0
Ivica Zubac,zubaciv01,7-0
Ivica Zubac,zubaciv01,7-0
Ivica Zubac,zubaciv01,7-0
Ivica Zubac,zubaciv01,7-0
Steven Adams,adamsst01,6-11
Steven Adams,adamsst01,6-11
Steven Adams,adamsst01,6-11
Steven Adams,adamsst01,6-11
Steven Adams,adamsst01,6-11
Steven Adams,adamsst01,6-11
Steven Adams,adamsst01,6-11
Steven Adams,adamsst01,6-11
Steven Adams,adamsst01,6-11
Steven Adams,adamsst01,6-11
Santi Aldama,aldamsa01,6-11
Santi Aldama,aldamsa01,6-11
Santi Aldama,aldamsa01,6-11
Kyle Alexander,alexaky01,6-11
David Andersen,anderda03,6-11
David Andersen,anderda03,6-11
Giannis Antetokounmpo,antetgi01,6-11
Giannis Antetokounmpo,antetgi01,6-11
Giannis Antetokounmpo,antetgi01,6-11
Giannis Antetokounmpo,antetgi01,6-11
Giannis Antetokounmpo,antetgi01,6-11
Giannis Antetokounmpo,antetgi01,6-11
Giannis Antetokounmpo,antetgi01,6-11
Giannis Antetokounmpo,antetgi01,6-11
Giannis Antetokounmpo,antetgi01,6-11
Giannis Antetokounmpo,antetgi01,6-11
Giannis Antetokounmpo,antetgi01,6-11
Pero Antić,anticpe01,6-11
Pero Antić,anticpe01,6-11
Rafael Araújo,araujra01,6-11
Rafael Araújo,araujra01,6-11
Rafael Araújo,araujra01,6-11
Robert Archibald,archiro01,6-11
Robert Archibald,archiro01,6-11
Mengke Bateer,bateeme01,6-11
Mengke Bateer,bateeme01,6-11
Mengke Bateer,bateeme01,6-11
Andris Biedriņš,biedran01,6-11
Andris Biedriņš,biedran01,6-11
Andris Biedriņš,biedran01,6-11
Andris Biedriņš,biedran01,6-11
Andris Biedriņš,biedran01,6-11
Andris Biedriņš,biedran01,6-11
Andris Biedriņš,biedran01,6-11
Andris Biedriņš,biedran01,6-11
Andris Biedriņš,biedran01,6-11
Andris Biedriņš,biedran01,6-11
Goga Bitadze,bitadgo01,6-11
Goga Bitadze,bitadgo01,6-11
Goga Bitadze,bitadgo01,6-11
Goga Bitadze,bitadgo01,6-11
Goga Bitadze,bitadgo01,6-11
Pat Burke,burkepa01,6-11
Pat Burke,burkepa01,6-11
Pat Burke,burkepa01,6-11
Žarko Čabarkapa,cabarza01,6-11
Žarko Čabarkapa,cabarza01,6-11
Žarko Čabarkapa,cabarza01,6-11
Petr Cornelie,cornepe01,6-11
Samuel Dalembert,dalemsa01,6-11
Samuel Dalembert,dalemsa01,6-11
Samuel Dalembert,dalemsa01,6-11
Samuel Dalembert,dalemsa01,6-11
Samuel Dalembert,dalemsa01,6-11
Samuel Dalembert,dalemsa01,6-11
Samuel Dalembert,dalemsa01,6-11
Samuel Dalembert,dalemsa01,6-11
Samuel Dalembert,dalemsa01,6-11
Samuel Dalembert,dalemsa01,6-11
Samuel Dalembert,dalemsa01,6-11
Samuel Dalembert,dalemsa01,6-11
Samuel Dalembert,dalemsa01,6-11
Moussa Diabaté,diabamo01,6-11
Moussa Diabaté,diabamo01,6-11
Predrag Drobnjak,drobnpr01,6-11
Predrag Drobnjak,drobnpr01,6-11
Predrag Drobnjak,drobnpr01,6-11
Predrag Drobnjak,drobnpr01,6-11
Tim Duncan,duncati01,6-11
Tim Duncan,duncati01,6-11
Tim Duncan,duncati01,6-11
Tim Duncan,duncati01,6-11
Tim Duncan,duncati01,6-11
Tim Duncan,duncati01,6-11
Tim Duncan,duncati01,6-11
Tim Duncan,duncati01,6-11
Tim Duncan,duncati01,6-11
Tim Duncan,duncati01,6-11
Tim Duncan,duncati01,6-11
Tim Duncan,duncati01,6-11
Tim Duncan,duncati01,6-11
Tim Duncan,duncati01,6-11
Tim Duncan,duncati01,6-11
Tim Duncan,duncati01,6-11
Tim Duncan,duncati01,6-11
Tim Duncan,duncati01,6-11
Tim Duncan,duncati01,6-11
Jaime Echenique,echenja01,6-11
Festus Ezeli,ezelife01,6-11
Festus Ezeli,ezelife01,6-11
Festus Ezeli,ezelife01,6-11
Vítor Luiz Faverani,favervi01,6-11
Cristiano Felício,feliccr01,6-11
Cristiano Felício,feliccr01,6-11
Cristiano Felício,feliccr01,6-11
Cristiano Felício,feliccr01,6-11
Cristiano Felício,feliccr01,6-11
Cristiano Felício,feliccr01,6-11
Dan Gadzuric,gadzuda01,6-11
Dan Gadzuric,gadzuda01,6-11
Dan Gadzuric,gadzuda01,6-11
Dan Gadzuric,gadzuda01,6-11
Dan Gadzuric,gadzuda01,6-11
Dan Gadzuric,gadzuda01,6-11
Dan Gadzuric,gadzuda01,6-11
Dan Gadzuric,gadzuda01,6-11
Dan Gadzuric,gadzuda01,6-11
Dan Gadzuric,gadzuda01,6-11
Marc Gasol,gasolma01,6-11
Marc Gasol,gasolma01,6-11
Marc Gasol,gasolma01,6-11
Marc Gasol,gasolma01,6-11
Marc Gasol,gasolma01,6-11
Marc Gasol,gasolma01,6-11
Marc Gasol,gasolma01,6-11
Marc Gasol,gasolma01,6-11
Marc Gasol,gasolma01,6-11
Marc Gasol,gasolma01,6-11
Marc Gasol,gasolma01,6-11
Marc Gasol,gasolma01,6-11
Marc Gasol,gasolma01,6-11
Marcin Gortat,gortama01,6-11
Marcin Gortat,gortama01,6-11
Marcin Gortat,gortama01,6-11
Marcin Gortat,gortama01,6-11
Marcin Gortat,gortama01,6-11
Marcin Gortat,gortama01,6-11
Marcin Gortat,gortama01,6-11
Marcin Gortat,gortama01,6-11
Marcin Gortat,gortama01,6-11
Marcin Gortat,gortama01,6-11
Marcin Gortat,gortama01,6-11
Marcin Gortat,gortama01,6-11
Donté Greene,greendo01,6-11
Donté Greene,greendo01,6-11
Donté Greene,greendo01,6-11
Donté Greene,greendo01,6-11
Mouhamed Gueye,gueyemo02,6-11
Willy Hernangómez,hernawi01,6-11
Willy Hernangómez,hernawi01,6-11
Willy Hernangómez,hernawi01,6-11
Willy Hernangómez,hernawi01,6-11
Willy Hernangómez,hernawi01,6-11
Willy Hernangómez,hernawi01,6-11
Willy Hernangómez,hernawi01,6-11
Nenê,hilarne01,6-11
Nenê,hilarne01,6-11
Nenê,hilarne01,6-11
Nenê,hilarne01,6-11
Nenê,hilarne01,6-11
Nenê,hilarne01,6-11
Nenê,hilarne01,6-11
Nenê,hilarne01,6-11
Nenê,hilarne01,6-11
Nenê,hilarne01,6-11
Nenê,hilarne01,6-11
Nenê,hilarne01,6-11
Nenê,hilarne01,6-11
Nenê,hilarne01,6-11
Nenê,hilarne01,6-11
Nenê,hilarne01,6-11
Nenê,hilarne01,6-11
Serge Ibaka,ibakase01,6-11
Serge Ibaka,ibakase01,6-11
Serge Ibaka,ibakase01,6-11
Serge Ibaka,ibakase01,6-11
Serge Ibaka,ibakase01,6-11
Serge Ibaka,ibakase01,6-11
Serge Ibaka,ibakase01,6-11
Serge Ibaka,ibakase01,6-11
Serge Ibaka,ibakase01,6-11
Serge Ibaka,ibakase01,6-11
Serge Ibaka,ibakase01,6-11
Serge Ibaka,ibakase01,6-11
Serge Ibaka,ibakase01,6-11
Serge Ibaka,ibakase01,6-11
Nikola Jokić,jokicni01,6-11
Nikola Jokić,jokicni01,6-11
Nikola Jokić,jokicni01,6-11
Nikola Jokić,jokicni01,6-11
Nikola Jokić,jokicni01,6-11
Nikola Jokić,jokicni01,6-11
Nikola Jokić,jokicni01,6-11
Nikola Jokić,jokicni01,6-11
Nikola Jokić,jokicni01,6-11
Alvin Jones,jonesal01,6-11
Kai Jones,joneska01,6-11
Kai Jones,joneska01,6-11
Yvon Joseph,josepyv01,6-11
Sasha Kaun,kaunsa01,6-11
Maciej Lampe,lampema01,6-11
Maciej Lampe,lampema01,6-11
Maciej Lampe,lampema01,6-11
Jock Landale,landajo01,6-11
Jock Landale,landajo01,6-11
Jock Landale,landajo01,6-11
Joffrey Lauvergne,lauvejo01,6-11
Joffrey Lauvergne,lauvejo01,6-11
Joffrey Lauvergne,lauvejo01,6-11
Joffrey Lauvergne,lauvejo01,6-11
Horacio Llamas,llamaho01,6-11
Horacio Llamas,llamaho01,6-11
Jamaal Magloire,magloja01,6-11
Jamaal Magloire,magloja01,6-11
Jamaal Magloire,magloja01,6-11
Jamaal Magloire,magloja01,6-11
Jamaal Magloire,magloja01,6-11
Jamaal Magloire,magloja01,6-11
Jamaal Magloire,magloja01,6-11
Jamaal Magloire,magloja01,6-11
Jamaal Magloire,magloja01,6-11
Jamaal Magloire,magloja01,6-11
Jamaal Magloire,magloja01,6-11
Jamaal Magloire,magloja01,6-11
Ian Mahinmi,mahinia01,6-11
Ian Mahinmi,mahinia01,6-11
Ian Mahinmi,mahinia01,6-11
Ian Mahinmi,mahinia01,6-11
Ian Mahinmi,mahinia01,6-11
Ian Mahinmi,mahinia01,6-11
Ian Mahinmi,mahinia01,6-11
Ian Mahinmi,mahinia01,6-11
Ian Mahinmi,mahinia01,6-11
Ian Mahinmi,mahinia01,6-11
Ian Mahinmi,mahinia01,6-11
Ian Mahinmi,mahinia01,6-11
Cozell McQueen,mcqueco01,6-11
Hanno Möttölä,mottoha01,6-11
Hanno Möttölä,mottoha01,6-11
Swen Nater,natersw01,6-11
Swen Nater,natersw01,6-11
Swen Nater,natersw01,6-11
Swen Nater,natersw01,6-11
Swen Nater,natersw01,6-11
Swen Nater,natersw01,6-11
Swen Nater,natersw01,6-11
Swen Nater,natersw01,6-11
Tim Ohlbrecht,ohlbrti01,6-11
Mehmet Okur,okurme01,6-11
Mehmet Okur,okurme01,6-11
Mehmet Okur,okurme01,6-11
Mehmet Okur,okurme01,6-11
Mehmet Okur,okurme01,6-11
Mehmet Okur,okurme01,6-11
Mehmet Okur,okurme01,6-11
Mehmet Okur,okurme01,6-11
Mehmet Okur,okurme01,6-11
Mehmet Okur,okurme01,6-11
Kelly Olynyk,olynyke01,6-11
Kelly Olynyk,olynyke01,6-11
Kelly Olynyk,olynyke01,6-11
Kelly Olynyk,olynyke01,6-11
Kelly Olynyk,olynyke01,6-11
Kelly Olynyk,olynyke01,6-11
Kelly Olynyk,olynyke01,6-11
Kelly Olynyk,olynyke01,6-11
Kelly Olynyk,olynyke01,6-11
Kelly Olynyk,olynyke01,6-11
Kelly Olynyk,olynyke01,6-11
Zaza Pachulia,pachuza01,6-11
Zaza Pachulia,pachuza01,6-11
Zaza Pachulia,pachuza01,6-11
Zaza Pachulia,pachuza01,6-11
Zaza Pachulia,pachuza01,6-11
Zaza Pachulia,pachuza01,6-11
Zaza Pachulia,pachuza01,6-11
Zaza Pachulia,pachuza01,6-11
Zaza Pachulia,pachuza01,6-11
Zaza Pachulia,pachuza01,6-11
Zaza Pachulia,pachuza01,6-11
Zaza Pachulia,pachuza01,6-11
Zaza Pachulia,pachuza01,6-11
Zaza Pachulia,pachuza01,6-11
Zaza Pachulia,pachuza01,6-11
Zaza Pachulia,pachuza01,6-11
Nikola Peković,pekovni01,6-11
Nikola Peković,pekovni01,6-11
Nikola Peković,pekovni01,6-11
Nikola Peković,pekovni01,6-11
Nikola Peković,pekovni01,6-11
Nikola Peković,pekovni01,6-11
Filip Petrušev,petrufi01,6-11
Olden Polynice,polynol01,6-11
Olden Polynice,polynol01,6-11
Olden Polynice,polynol01,6-11
Olden Polynice,polynol01,6-11
Olden Polynice,polynol01,6-11
Olden Polynice,polynol01,6-11
Olden Polynice,polynol01,6-11
Olden Polynice,polynol01,6-11
Olden Polynice,polynol01,6-11
Olden Polynice,polynol01,6-11
Olden Polynice,polynol01,6-11
Olden Polynice,polynol01,6-11
Olden Polynice,polynol01,6-11
Olden Polynice,polynol01,6-11
Olden Polynice,polynol01,6-11
Dino Radja,radjadi01,6-11
Dino Radja,radjadi01,6-11
Dino Radja,radjadi01,6-11
Dino Radja,radjadi01,6-11
Duop Reath,reathdu01,6-11
Efthimios Rentzias,rentzef01,6-11
Rony Seikaly,seikaro01,6-11
Rony Seikaly,seikaro01,6-11
Rony Seikaly,seikaro01,6-11
Rony Seikaly,seikaro01,6-11
Rony Seikaly,seikaro01,6-11
Rony Seikaly,seikaro01,6-11
Rony Seikaly,seikaro01,6-11
Rony Seikaly,seikaro01,6-11
Rony Seikaly,seikaro01,6-11
Rony Seikaly,seikaro01,6-11
Rony Seikaly,seikaro01,6-11
Mouhamed Sene,senesa01,6-11
Mouhamed Sene,senesa01,6-11
Mouhamed Sene,senesa01,6-11
Alperen Sengun,sengual01,6-11
Alperen Sengun,sengual01,6-11
Alperen Sengun,sengual01,6-11
Marko Simonovic,simonma01,6-11
Marko Simonovic,simonma01,6-11
Tiago Splitter,splitti01,6-11
Tiago Splitter,splitti01,6-11
Tiago Splitter,splitti01,6-11
Tiago Splitter,splitti01,6-11
Tiago Splitter,splitti01,6-11
Tiago Splitter,splitti01,6-11
Tiago Splitter,splitti01,6-11
Jonas Valančiūnas,valanjo01,6-11
Jonas Valančiūnas,valanjo01,6-11
Jonas Valančiūnas,valanjo01,6-11
Jonas Valančiūnas,valanjo01,6-11
Jonas Valančiūnas,valanjo01,6-11
Jonas Valančiūnas,valanjo01,6-11
Jonas Valančiūnas,valanjo01,6-11
Jonas Valančiūnas,valanjo01,6-11
Jonas Valančiūnas,valanjo01,6-11
Jonas Valančiūnas,valanjo01,6-11
Jonas Valančiūnas,valanjo01,6-11
Jonas Valančiūnas,valanjo01,6-11
Anderson Varejão,varejan01,6-11
Anderson Varejão,varejan01,6-11
Anderson Varejão,varejan01,6-11
Anderson Varejão,varejan01,6-11
Anderson Varejão,varejan01,6-11
Anderson Varejão,varejan01,6-11
Anderson Varejão,varejan01,6-11
Anderson Varejão,varejan01,6-11
Anderson Varejão,varejan01,6-11
Anderson Varejão,varejan01,6-11
Anderson Varejão,varejan01,6-11
Anderson Varejão,varejan01,6-11
Anderson Varejão,varejan01,6-11
Anderson Varejão,varejan01,6-11
Jan Veselý,veselja01,6-11
Jan Veselý,veselja01,6-11
Jan Veselý,veselja01,6-11
Moritz Wagner,wagnemo01,6-11
Moritz Wagner,wagnemo01,6-11
Moritz Wagner,wagnemo01,6-11
Moritz Wagner,wagnemo01,6-11
Moritz Wagner,wagnemo01,6-11
Moritz Wagner,wagnemo01,6-11
Alaa Abdelnaby,abdelal01,6-10
Alaa Abdelnaby,abdelal01,6-10
Alaa Abdelnaby,abdelal01,6-10
Alaa Abdelnaby,abdelal01,6-10
Alaa Abdelnaby,abdelal01,6-10
Furkan Aldemir,aldemfu01,6-10
Peter Aluma,alumape01,6-10
Kostas Antetokounmpo,antetko01,6-10
Kostas Antetokounmpo,antetko01,6-10
Kostas Antetokounmpo,antetko01,6-10
Gustavo Ayón,ayongu01,6-10
Gustavo Ayón,ayongu01,6-10
Gustavo Ayón,ayongu01,6-10
Udoka Azubuike,azubuud01,6-10
Udoka Azubuike,azubuud01,6-10
Udoka Azubuike,azubuud01,6-10
Udoka Azubuike,azubuud01,6-10
Charles Bassey,bassech01,6-10
Charles Bassey,bassech01,6-10
Charles Bassey,bassech01,6-10
Esteban Batista,batises01,6-10
Esteban Batista,batises01,6-10
Aron Baynes,baynear01,6-10
Aron Baynes,baynear01,6-10
Aron Baynes,baynear01,6-10
Aron Baynes,baynear01,6-10
Aron Baynes,baynear01,6-10
Aron Baynes,baynear01,6-10
Aron Baynes,baynear01,6-10
Aron Baynes,baynear01,6-10
Aron Baynes,baynear01,6-10
Dāvis Bertāns,bertada01,6-10
Dāvis Bertāns,bertada01,6-10
Dāvis Bertāns,bertada01,6-10
Dāvis Bertāns,bertada01,6-10
Dāvis Bertāns,bertada01,6-10
Dāvis Bertāns,bertada01,6-10
Dāvis Bertāns,bertada01,6-10
Dāvis Bertāns,bertada01,6-10
Nemanja Bjelica,bjeline01,6-10
Nemanja Bjelica,bjeline01,6-10
Nemanja Bjelica,bjeline01,6-10
Nemanja Bjelica,bjeline01,6-10
Nemanja Bjelica,bjeline01,6-10
Nemanja Bjelica,bjeline01,6-10
Nemanja Bjelica,bjeline01,6-10
Mark Bradtke,bradtma01,6-10
Amida Brimah,brimaam01,6-10
Clint Capela,capelca01,6-10
Clint Capela,capelca01,6-10
Clint Capela,capelca01,6-10
Clint Capela,capelca01,6-10
Clint Capela,capelca01,6-10
Clint Capela,capelca01,6-10
Clint Capela,capelca01,6-10
Clint Capela,capelca01,6-10
Clint Capela,capelca01,6-10
Clint Capela,capelca01,6-10
Radisav Ćurčić,curcira01,6-10
Ángel Delgado,delgaan01,6-10
Gorgui Dieng,dienggo01,6-10
Gorgui Dieng,dienggo01,6-10
Gorgui Dieng,dienggo01,6-10
Gorgui Dieng,dienggo01,6-10
Gorgui Dieng,dienggo01,6-10
Gorgui Dieng,dienggo01,6-10
Gorgui Dieng,dienggo01,6-10
Gorgui Dieng,dienggo01,6-10
Gorgui Dieng,dienggo01,6-10
Gorgui Dieng,dienggo01,6-10
Ousmane Dieng,diengou01,6-10
Ousmane Dieng,diengou01,6-10
Antonis Fotsis,fotsian01,6-10
Adonal Foyle,foylead01,6-10
Adonal Foyle,foylead01,6-10
Adonal Foyle,foylead01,6-10
Adonal Foyle,foylead01,6-10
Adonal Foyle,foylead01,6-10
Adonal Foyle,foylead01,6-10
Adonal Foyle,foylead01,6-10
Adonal Foyle,foylead01,6-10
Adonal Foyle,foylead01,6-10
Adonal Foyle,foylead01,6-10
Adonal Foyle,foylead01,6-10
Adonal Foyle,foylead01,6-10
Joel Freeland,freeljo01,6-10
Joel Freeland,freeljo01,6-10
Joel Freeland,freeljo01,6-10
Danilo Gallinari,gallida01,6-10
Danilo Gallinari,gallida01,6-10
Danilo Gallinari,gallida01,6-10
Danilo Gallinari,gallida01,6-10
Danilo Gallinari,gallida01,6-10
Danilo Gallinari,gallida01,6-10
Danilo Gallinari,gallida01,6-10
Danilo Gallinari,gallida01,6-10
Danilo Gallinari,gallida01,6-10
Danilo Gallinari,gallida01,6-10
Danilo Gallinari,gallida01,6-10
Danilo Gallinari,gallida01,6-10
Danilo Gallinari,gallida01,6-10
Danilo Gallinari,gallida01,6-10
Andrés Guibert,guibean01,6-10
Andrés Guibert,guibean01,6-10
Lars Hansen,hansela01,6-10
Nathan Jawai,jawaina01,6-10
Nathan Jawai,jawaina01,6-10
Jonas Jerebko,jerebjo01,6-10
Jonas Jerebko,jerebjo01,6-10
Jonas Jerebko,jerebjo01,6-10
Jonas Jerebko,jerebjo01,6-10
Jonas Jerebko,jerebjo01,6-10
Jonas Jerebko,jerebjo01,6-10
Jonas Jerebko,jerebjo01,6-10
Jonas Jerebko,jerebjo01,6-10
Jonas Jerebko,jerebjo01,6-10
Nikola Jović,jovicni01,6-10
Nikola Jović,jovicni01,6-10
Enes Freedom,kanteen01,6-10
Enes Freedom,kanteen01,6-10
Enes Freedom,kanteen01,6-10
Enes Freedom,kanteen01,6-10
Enes Freedom,kanteen01,6-10
Enes Freedom,kanteen01,6-10
Enes Freedom,kanteen01,6-10
Enes Freedom,kanteen01,6-10
Enes Freedom,kanteen01,6-10
Enes Freedom,kanteen01,6-10
Enes Freedom,kanteen01,6-10
Maxi Kleber,klebima01,6-10
Maxi Kleber,klebima01,6-10
Maxi Kleber,klebima01,6-10
Maxi Kleber,klebima01,6-10
Maxi Kleber,klebima01,6-10
Maxi Kleber,klebima01,6-10
Maxi Kleber,klebima01,6-10
Toni Kukoč,kukocto01,6-10
Toni Kukoč,kukocto01,6-10
Toni Kukoč,kukocto01,6-10
Toni Kukoč,kukocto01,6-10
Toni Kukoč,kukocto01,6-10
Toni Kukoč,kukocto01,6-10
Toni Kukoč,kukocto01,6-10
Toni Kukoč,kukocto01,6-10
Toni Kukoč,kukocto01,6-10
Toni Kukoč,kukocto01,6-10
Toni Kukoč,kukocto01,6-10
Toni Kukoč,kukocto01,6-10
Toni Kukoč,kukocto01,6-10
Skal Labissière,labissk01,6-10
Skal Labissière,labissk01,6-10
Skal Labissière,labissk01,6-10
Skal Labissière,labissk01,6-10
T.J. Leaf,leaftj01,6-10
T.J. Leaf,leaftj01,6-10
T.J. Leaf,leaftj01,6-10
T.J. Leaf,leaftj01,6-10
Will Magnay,magnawi01,6-10
Damir Markota,markoda01,6-10
Sean Marks,marksse01,6-10
Sean Marks,marksse01,6-10
Sean Marks,marksse01,6-10
Sean Marks,marksse01,6-10
Sean Marks,marksse01,6-10
Sean Marks,marksse01,6-10
Sean Marks,marksse01,6-10
Sean Marks,marksse01,6-10
Sean Marks,marksse01,6-10
Sean Marks,marksse01,6-10
Sean Marks,marksse01,6-10
Mangok Mathiang,mathima01,6-10
Stanislav Medvedenko,medvest01,6-10
Stanislav Medvedenko,medvest01,6-10
Stanislav Medvedenko,medvest01,6-10
Stanislav Medvedenko,medvest01,6-10
Stanislav Medvedenko,medvest01,6-10
Stanislav Medvedenko,medvest01,6-10
Stanislav Medvedenko,medvest01,6-10
Leonard Miller,millele01,6-10
Nikola Mirotić,mirotni01,6-10
Nikola Mirotić,mirotni01,6-10
Nikola Mirotić,mirotni01,6-10
Nikola Mirotić,mirotni01,6-10
Nikola Mirotić,mirotni01,6-10
Jérôme Moïso,moisoje01,6-10
Jérôme Moïso,moisoje01,6-10
Jérôme Moïso,moisoje01,6-10
Jérôme Moïso,moisoje01,6-10
Jérôme Moïso,moisoje01,6-10
Erik Murphy,murpher01,6-10
Julius Nwosu,nwosuju01,6-10
Fabricio Oberto,obertfa01,6-10
Fabricio Oberto,obertfa01,6-10
Fabricio Oberto,obertfa01,6-10
Fabricio Oberto,obertfa01,6-10
Fabricio Oberto,obertfa01,6-10
Fabricio Oberto,obertfa01,6-10
José Ortiz,ortizjo01,6-10
José Ortiz,ortizjo01,6-10
Olumide Oyedeji,oyedeol01,6-10
Olumide Oyedeji,oyedeol01,6-10
Olumide Oyedeji,oyedeol01,6-10
Norvel Pelle,pelleno01,6-10
Norvel Pelle,pelleno01,6-10
Norvel Pelle,pelleno01,6-10
Richard Petruška,petruri01,6-10
Vitaly Potapenko,potapvi01,6-10
Vitaly Potapenko,potapvi01,6-10
Vitaly Potapenko,potapvi01,6-10
Vitaly Potapenko,potapvi01,6-10
Vitaly Potapenko,potapvi01,6-10
Vitaly Potapenko,potapvi01,6-10
Vitaly Potapenko,potapvi01,6-10
Vitaly Potapenko,potapvi01,6-10
Vitaly Potapenko,potapvi01,6-10
Vitaly Potapenko,potapvi01,6-10
Vitaly Potapenko,potapvi01,6-10
Dwight Powell,poweldw01,6-10
Dwight Powell,poweldw01,6-10
Dwight Powell,poweldw01,6-10
Dwight Powell,poweldw01,6-10
Dwight Powell,poweldw01,6-10
Dwight Powell,poweldw01,6-10
Dwight Powell,poweldw01,6-10
Dwight Powell,poweldw01,6-10
Dwight Powell,poweldw01,6-10
Dwight Powell,poweldw01,6-10
Vladimir Radmanović,radmavl01,6-10
Vladimir Radmanović,radmavl01,6-10
Vladimir Radmanović,radmavl01,6-10
Vladimir Radmanović,radmavl01,6-10
Vladimir Radmanović,radmavl01,6-10
Vladimir Radmanović,radmavl01,6-10
Vladimir Radmanović,radmavl01,6-10
Vladimir Radmanović,radmavl01,6-10
Vladimir Radmanović,radmavl01,6-10
Vladimir Radmanović,radmavl01,6-10
Vladimir Radmanović,radmavl01,6-10
Vladimir Radmanović,radmavl01,6-10
Anthony Randolph,randoan01,6-10
Anthony Randolph,randoan01,6-10
Anthony Randolph,randoan01,6-10
Anthony Randolph,randoan01,6-10
Anthony Randolph,randoan01,6-10
Anthony Randolph,randoan01,6-10
Ramón Rivas,rivasra01,6-10
Damjan Rudež,rudezda01,6-10
Damjan Rudež,rudezda01,6-10
Damjan Rudež,rudezda01,6-10
Luka Šamanić,samanlu01,6-10
Luka Šamanić,samanlu01,6-10
Luka Šamanić,samanlu01,6-10
Luka Šamanić,samanlu01,6-10
Dario Šarić,saricda01,6-10
Dario Šarić,saricda01,6-10
Dario Šarić,saricda01,6-10
Dario Šarić,saricda01,6-10
Dario Šarić,saricda01,6-10
Dario Šarić,saricda01,6-10
Dario Šarić,saricda01,6-10
Detlef Schrempf,schrede01,6-10
Detlef Schrempf,schrede01,6-10
Detlef Schrempf,schrede01,6-10
Detlef Schrempf,schrede01,6-10
Detlef Schrempf,schrede01,6-10
Detlef Schrempf,schrede01,6-10
Detlef Schrempf,schrede01,6-10
Detlef Schrempf,schrede01,6-10
Detlef Schrempf,schrede01,6-10
Detlef Schrempf,schrede01,6-10
Detlef Schrempf,schrede01,6-10
Detlef Schrempf,schrede01,6-10
Detlef Schrempf,schrede01,6-10
Detlef Schrempf,schrede01,6-10
Detlef Schrempf,schrede01,6-10
Detlef Schrempf,schrede01,6-10
Ben Simmons,simmobe01,6-10
Ben Simmons,simmobe01,6-10
Ben Simmons,simmobe01,6-10
Ben Simmons,simmobe01,6-10
Ben Simmons,simmobe01,6-10
Ben Simmons,simmobe01,6-10
Uroš Slokar,slokaur01,6-10
Alen Smailagić,smailal01,6-10
Alen Smailagić,smailal01,6-10
Pape Sow,sowpa01,6-10
Pape Sow,sowpa01,6-10
Pape Sow,sowpa01,6-10
Michael Stewart,stewami01,6-10
Michael Stewart,stewami01,6-10
Michael Stewart,stewami01,6-10
Michael Stewart,stewami01,6-10
Michael Stewart,stewami01,6-10
Michael Stewart,stewami01,6-10
Michael Stewart,stewami01,6-10
Michael Stewart,stewami01,6-10
Peja Stojaković,stojape01,6-10
Peja Stojaković,stojape01,6-10
Peja Stojaković,stojape01,6-10
Peja Stojaković,stojape01,6-10
Peja Stojaković,stojape01,6-10
Peja Stojaković,stojape01,6-10
Peja Stojaković,stojape01,6-10
Peja Stojaković,stojape01,6-10
Peja Stojaković,stojape01,6-10
Peja Stojaković,stojape01,6-10
Peja Stojaković,stojape01,6-10
Peja Stojaković,stojape01,6-10
Peja Stojaković,stojape01,6-10
Dragan Tarlać,tarladr01,6-10
Mychal Thompson,thompmy01,6-10
Mychal Thompson,thompmy01,6-10
Mychal Thompson,thompmy01,6-10
Mychal Thompson,thompmy01,6-10
Mychal Thompson,thompmy01,6-10
Mychal Thompson,thompmy01,6-10
Mychal Thompson,thompmy01,6-10
Mychal Thompson,thompmy01,6-10
Mychal Thompson,thompmy01,6-10
Mychal Thompson,thompmy01,6-10
Mychal Thompson,thompmy01,6-10
Mychal Thompson,thompmy01,6-10
Ronny Turiaf,turiaro01,6-10
Ronny Turiaf,turiaro01,6-10
Ronny Turiaf,turiaro01,6-10
Ronny Turiaf,turiaro01,6-10
Ronny Turiaf,turiaro01,6-10
Ronny Turiaf,turiaro01,6-10
Ronny Turiaf,turiaro01,6-10
Ronny Turiaf,turiaro01,6-10
Ronny Turiaf,turiaro01,6-10
Ronny Turiaf,turiaro01,6-10
Hedo Türkoğlu,turkohe01,6-10
Hedo Türkoğlu,turkohe01,6-10
Hedo Türkoğlu,turkohe01,6-10
Hedo Türkoğlu,turkohe01,6-10
Hedo Türkoğlu,turkohe01,6-10
Hedo Türkoğlu,turkohe01,6-10
Hedo Türkoğlu,turkohe01,6-10
Hedo Türkoğlu,turkohe01,6-10
Hedo Türkoğlu,turkohe01,6-10
Hedo Türkoğlu,turkohe01,6-10
Hedo Türkoğlu,turkohe01,6-10
Hedo Türkoğlu,turkohe01,6-10
Hedo Türkoğlu,turkohe01,6-10
Hedo Türkoğlu,turkohe01,6-10
Hedo Türkoğlu,turkohe01,6-10
Alexander Volkov,volkoal01,6-10
Alexander Volkov,volkoal01,6-10
Nikola Vučević,vucevni01,6-10
Nikola Vučević,vucevni01,6-10
Nikola Vučević,vucevni01,6-10
Nikola Vučević,vucevni01,6-10
Nikola Vučević,vucevni01,6-10
Nikola Vučević,vucevni01,6-10
Nikola Vučević,vucevni01,6-10
Nikola Vučević,vucevni01,6-10
Nikola Vučević,vucevni01,6-10
Nikola Vučević,vucevni01,6-10
Nikola Vučević,vucevni01,6-10
Nikola Vučević,vucevni01,6-10
Nikola Vučević,vucevni01,6-10
Franz Wagner,wagnefr01,6-10
Franz Wagner,wagnefr01,6-10
Franz Wagner,wagnefr01,6-10
Rubén Wolkowyski,wolkoru01,6-10
Rubén Wolkowyski,wolkoru01,6-10
Ante Žižić,zizican01,6-10
Ante Žižić,zizican01,6-10
Ante Žižić,zizican01,6-10
Joel Anthony,anthojo01,6-9
Joel Anthony,anthojo01,6-9
Joel Anthony,anthojo01,6-9
Joel Anthony,anthojo01,6-9
Joel Anthony,anthojo01,6-9
Joel Anthony,anthojo01,6-9
Joel Anthony,anthojo01,6-9
Joel Anthony,anthojo01,6-9
Joel Anthony,anthojo01,6-9
Joel Anthony,anthojo01,6-9
Deni Avdija,avdijde01,6-9
Deni Avdija,avdijde01,6-9
Deni Avdija,avdijde01,6-9
Deni Avdija,avdijde01,6-9
Cameron Bairstow,bairsca01,6-9
Cameron Bairstow,bairsca01,6-9
Dalano Banton,bantoda01,6-9
Dalano Banton,bantoda01,6-9
Dalano Banton,bantoda01,6-9
Ben Bentil,bentibe01,6-9
Khem Birch,birchkh01,6-9
Khem Birch,birchkh01,6-9
Khem Birch,birchkh01,6-9
Khem Birch,birchkh01,6-9
Khem Birch,birchkh01,6-9
Khem Birch,birchkh01,6-9
Joel Bolomboy,bolomjo01,6-9
Joel Bolomboy,bolomjo01,6-9
Carlos Boozer,boozeca01,6-9
Carlos Boozer,boozeca01,6-9
Carlos Boozer,boozeca01,6-9
Carlos Boozer,boozeca01,6-9
Carlos Boozer,boozeca01,6-9
Carlos Boozer,boozeca01,6-9
Carlos Boozer,boozeca01,6-9
Carlos Boozer,boozeca01,6-9
Carlos Boozer,boozeca01,6-9
Carlos Boozer,boozeca01,6-9
Carlos Boozer,boozeca01,6-9
Carlos Boozer,boozeca01,6-9
Carlos Boozer,boozeca01,6-9
Chris Boucher,bouchch01,6-9
Chris Boucher,bouchch01,6-9
Chris Boucher,bouchch01,6-9
Chris Boucher,bouchch01,6-9
Chris Boucher,bouchch01,6-9
Chris Boucher,bouchch01,6-9
Chris Boucher,bouchch01,6-9
Torgeir Bryn,brynto01,6-9
Bruno Caboclo,cabocbr01,6-9
Bruno Caboclo,cabocbr01,6-9
Bruno Caboclo,cabocbr01,6-9
Bruno Caboclo,cabocbr01,6-9
Bruno Caboclo,cabocbr01,6-9
Bruno Caboclo,cabocbr01,6-9
Bruno Caboclo,cabocbr01,6-9
Omri Casspi,casspom01,6-9
Omri Casspi,casspom01,6-9
Omri Casspi,casspom01,6-9
Omri Casspi,casspom01,6-9
Omri Casspi,casspom01,6-9
Omri Casspi,casspom01,6-9
Omri Casspi,casspom01,6-9
Omri Casspi,casspom01,6-9
Omri Casspi,casspom01,6-9
Omri Casspi,casspom01,6-9
Victor Claver,clavevi01,6-9
Victor Claver,clavevi01,6-9
Victor Claver,clavevi01,6-9
Kornél Dávid,davidko01,6-9
Kornél Dávid,davidko01,6-9
Kornél Dávid,davidko01,6-9
Luol Deng,denglu01,6-9
Luol Deng,denglu01,6-9
Luol Deng,denglu01,6-9
Luol Deng,denglu01,6-9
Luol Deng,denglu01,6-9
Luol Deng,denglu01,6-9
Luol Deng,denglu01,6-9
Luol Deng,denglu01,6-9
Luol Deng,denglu01,6-9
Luol Deng,denglu01,6-9
Luol Deng,denglu01,6-9
Luol Deng,denglu01,6-9
Luol Deng,denglu01,6-9
Luol Deng,denglu01,6-9
Luol Deng,denglu01,6-9
Mamadi Diakite,diakima01,6-9
Mamadi Diakite,diakima01,6-9
Mamadi Diakite,diakima01,6-9
Mamadi Diakite,diakima01,6-9
Henri Drell,drellhe01,6-9
Duje Dukan,dukandu01,6-9
Ndudi Ebi,ebind01,6-9
Ndudi Ebi,ebind01,6-9
Obinna Ekezie,ekeziob01,6-9
Obinna Ekezie,ekeziob01,6-9
Obinna Ekezie,ekeziob01,6-9
Obinna Ekezie,ekeziob01,6-9
Bruno Fernando,fernabr01,6-9
Bruno Fernando,fernabr01,6-9
Bruno Fernando,fernabr01,6-9
Bruno Fernando,fernabr01,6-9
Bruno Fernando,fernabr01,6-9
Wenyen Gabriel,gabriwe01,6-9
Wenyen Gabriel,gabriwe01,6-9
Wenyen Gabriel,gabriwe01,6-9
Wenyen Gabriel,gabriwe01,6-9
Wenyen Gabriel,gabriwe01,6-9
Deng Gai,gaide01,6-9
Jorge Garbajosa,garbajo01,6-9
Jorge Garbajosa,garbajo01,6-9
Rubén Garcés,garceru01,6-9
Juancho Hernangómez,hernaju01,6-9
Juancho Hernangómez,hernaju01,6-9
Juancho Hernangómez,hernaju01,6-9
Juancho Hernangómez,hernaju01,6-9
Juancho Hernangómez,hernaju01,6-9
Juancho Hernangómez,hernaju01,6-9
Juancho Hernangómez,hernaju01,6-9
Carl Herrera,herreca01,6-9
Carl Herrera,herreca01,6-9
Carl Herrera,herreca01,6-9
Carl Herrera,herreca01,6-9
Carl Herrera,herreca01,6-9
Carl Herrera,herreca01,6-9
Carl Herrera,herreca01,6-9
Carl Herrera,herreca01,6-9
Walter Herrmann,herrmwa01,6-9
Walter Herrmann,herrmwa01,6-9
Walter Herrmann,herrmwa01,6-9
Al Horford,horfoal01,6-9
Al Horford,horfoal01,6-9
Al Horford,horfoal01,6-9
Al Horford,horfoal01,6-9
Al Horford,horfoal01,6-9
Al Horford,horfoal01,6-9
Al Horford,horfoal01,6-9
Al Horford,horfoal01,6-9
Al Horford,horfoal01,6-9
Al Horford,horfoal01,6-9
Al Horford,horfoal01,6-9
Al Horford,horfoal01,6-9
Al Horford,horfoal01,6-9
Al Horford,horfoal01,6-9
Al Horford,horfoal01,6-9
Al Horford,horfoal01,6-9
Al Horford,horfoal01,6-9
Ersan İlyasova,ilyaser01,6-9
Ersan İlyasova,ilyaser01,6-9
Ersan İlyasova,ilyaser01,6-9
Ersan İlyasova,ilyaser01,6-9
Ersan İlyasova,ilyaser01,6-9
Ersan İlyasova,ilyaser01,6-9
Ersan İlyasova,ilyaser01,6-9
Ersan İlyasova,ilyaser01,6-9
Ersan İlyasova,ilyaser01,6-9
Ersan İlyasova,ilyaser01,6-9
Ersan İlyasova,ilyaser01,6-9
Ersan İlyasova,ilyaser01,6-9
Ersan İlyasova,ilyaser01,6-9
Joe Ingles,inglejo01,6-9
Joe Ingles,inglejo01,6-9
Joe Ingles,inglejo01,6-9
Joe Ingles,inglejo01,6-9
Joe Ingles,inglejo01,6-9
Joe Ingles,inglejo01,6-9
Joe Ingles,inglejo01,6-9
Joe Ingles,inglejo01,6-9
Joe Ingles,inglejo01,6-9
Joe Ingles,inglejo01,6-9
Omari Johnson,johnsom01,6-9
Mfiondu Kabengele,kabenmf01,6-9
Mfiondu Kabengele,kabenmf01,6-9
Mfiondu Kabengele,kabenmf01,6-9
Viktor Khryapa,khryavi01,6-9
Viktor Khryapa,khryavi01,6-9
Viktor Khryapa,khryavi01,6-9
Viktor Khryapa,khryavi01,6-9
Andrei Kirilenko,kirilan01,6-9
Andrei Kirilenko,kirilan01,6-9
Andrei Kirilenko,kirilan01,6-9
Andrei Kirilenko,kirilan01,6-9
Andrei Kirilenko,kirilan01,6-9
Andrei Kirilenko,kirilan01,6-9
Andrei Kirilenko,kirilan01,6-9
Andrei Kirilenko,kirilan01,6-9
Andrei Kirilenko,kirilan01,6-9
Andrei Kirilenko,kirilan01,6-9
Andrei Kirilenko,kirilan01,6-9
Andrei Kirilenko,kirilan01,6-9
Andrei Kirilenko,kirilan01,6-9
Yaroslav Korolev,korolya01,6-9
Yaroslav Korolev,korolya01,6-9
Arnoldas Kulboka,kulboar01,6-9
Rodions Kurucs,kurucro01,6-9
Rodions Kurucs,kurucro01,6-9
Rodions Kurucs,kurucro01,6-9
Mindaugas Kuzminskas,kuzmimi01,6-9
Mindaugas Kuzminskas,kuzmimi01,6-9
Trey Lyles,lylestr01,6-9
Trey Lyles,lylestr01,6-9
Trey Lyles,lylestr01,6-9
Trey Lyles,lylestr01,6-9
Trey Lyles,lylestr01,6-9
Trey Lyles,lylestr01,6-9
Trey Lyles,lylestr01,6-9
Trey Lyles,lylestr01,6-9
Trey Lyles,lylestr01,6-9
Rawle Marshall,marshra01,6-9
Rawle Marshall,marshra01,6-9
Fernando Martín,martife01,6-9
Nicolò Melli,mellini01,6-9
Nicolò Melli,mellini01,6-9
Pops Mensah-Bonsu,mensapo01,6-9
Pops Mensah-Bonsu,mensapo01,6-9
Pops Mensah-Bonsu,mensapo01,6-9
Pops Mensah-Bonsu,mensapo01,6-9
Džanan Musa,musadz01,6-9
Džanan Musa,musadz01,6-9
Martin Müürsepp,muursma01,6-9
Martin Müürsepp,muursma01,6-9
Boštjan Nachbar,nachbbo01,6-9
Boštjan Nachbar,nachbbo01,6-9
Boštjan Nachbar,nachbbo01,6-9
Boštjan Nachbar,nachbbo01,6-9
Boštjan Nachbar,nachbbo01,6-9
Boštjan Nachbar,nachbbo01,6-9
Maurice Ndour,ndourma01,6-9
Andrew Nicholson,nichoan01,6-9
Andrew Nicholson,nichoan01,6-9
Andrew Nicholson,nichoan01,6-9
Andrew Nicholson,nichoan01,6-9
Andrew Nicholson,nichoan01,6-9
Žarko Paspalj,paspaza01,6-9
Stefano Rusconi,ruscost01,6-9
Samardo Samuels,samuesa01,6-9
Samardo Samuels,samuesa01,6-9
Samardo Samuels,samuesa01,6-9
Adama Sanogo,sanogad01,6-9
Wayne Sappleton,sapplwa01,6-9
Luis Scola,scolalu01,6-9
Luis Scola,scolalu01,6-9
Luis Scola,scolalu01,6-9
Luis Scola,scolalu01,6-9
Luis Scola,scolalu01,6-9
Luis Scola,scolalu01,6-9
Luis Scola,scolalu01,6-9
Luis Scola,scolalu01,6-9
Luis Scola,scolalu01,6-9
Luis Scola,scolalu01,6-9
Kevin Séraphin,serapke01,6-9
Kevin Séraphin,serapke01,6-9
Kevin Séraphin,serapke01,6-9
Kevin Séraphin,serapke01,6-9
Kevin Séraphin,serapke01,6-9
Kevin Séraphin,serapke01,6-9
Kevin Séraphin,serapke01,6-9
Tornike Shengelia,shengto01,6-9
Tornike Shengelia,shengto01,6-9
Darius Songaila,songada01,6-9
Darius Songaila,songada01,6-9
Darius Songaila,songada01,6-9
Darius Songaila,songada01,6-9
Darius Songaila,songada01,6-9
Darius Songaila,songada01,6-9
Darius Songaila,songada01,6-9
Darius Songaila,songada01,6-9
Mirza Teletović,teletmi01,6-9
Mirza Teletović,teletmi01,6-9
Mirza Teletović,teletmi01,6-9
Mirza Teletović,teletmi01,6-9
Mirza Teletović,teletmi01,6-9
Mirza Teletović,teletmi01,6-9
Tristan Thompson,thomptr01,6-9
Tristan Thompson,thomptr01,6-9
Tristan Thompson,thomptr01,6-9
Tristan Thompson,thomptr01,6-9
Tristan Thompson,thomptr01,6-9
Tristan Thompson,thomptr01,6-9
Tristan Thompson,thomptr01,6-9
Tristan Thompson,thomptr01,6-9
Tristan Thompson,thomptr01,6-9
Tristan Thompson,thomptr01,6-9
Tristan Thompson,thomptr01,6-9
Tristan Thompson,thomptr01,6-9
Killian Tillie,tilliki02,6-9
Killian Tillie,tilliki02,6-9
Oscar Tshiebwe,tshieos01,6-9
Mirsad Türkcan,turkcmi01,6-9
Sasha Vezenkov,vezenal01,6-9
João Vianna,viannjo01,6-9
Gary Voce,vocega01,6-9
Yuta Watanabe,watanyu01,6-9
Yuta Watanabe,watanyu01,6-9
Yuta Watanabe,watanyu01,6-9
Yuta Watanabe,watanyu01,6-9
Yuta Watanabe,watanyu01,6-9
Yuta Watanabe,watanyu01,6-9
Sun Yue,yuesu01,6-9
Precious Achiuwa,achiupr01,6-8
Precious Achiuwa,achiupr01,6-8
Precious Achiuwa,achiupr01,6-8
Precious Achiuwa,achiupr01,6-8
Joe Alexander,alexajo01,6-8
Joe Alexander,alexajo01,6-8
Nicolas Batum,batumni01,6-8
Nicolas Batum,batumni01,6-8
Nicolas Batum,batumni01,6-8
Nicolas Batum,batumni01,6-8
Nicolas Batum,batumni01,6-8
Nicolas Batum,batumni01,6-8
Nicolas Batum,batumni01,6-8
Nicolas Batum,batumni01,6-8
Nicolas Batum,batumni01,6-8
Nicolas Batum,batumni01,6-8
Nicolas Batum,batumni01,6-8
Nicolas Batum,batumni01,6-8
Nicolas Batum,batumni01,6-8
Nicolas Batum,batumni01,6-8
Nicolas Batum,batumni01,6-8
Nicolas Batum,batumni01,6-8
Anthony Bennett,bennean01,6-8
Anthony Bennett,bennean01,6-8
Anthony Bennett,bennean01,6-8
Anthony Bennett,bennean01,6-8
Bismack Biyombo,biyombi01,6-8
Bismack Biyombo,biyombi01,6-8
Bismack Biyombo,biyombi01,6-8
Bismack Biyombo,biyombi01,6-8
Bismack Biyombo,biyombi01,6-8
Bismack Biyombo,biyombi01,6-8
Bismack Biyombo,biyombi01,6-8
Bismack Biyombo,biyombi01,6-8
Bismack Biyombo,biyombi01,6-8
Bismack Biyombo,biyombi01,6-8
Bismack Biyombo,biyombi01,6-8
Bismack Biyombo,biyombi01,6-8
Bismack Biyombo,biyombi01,6-8
Jonah Bolden,boldejo01,6-8
Jonah Bolden,boldejo01,6-8
Isaac Bonga,bongais01,6-8
Isaac Bonga,bongais01,6-8
Isaac Bonga,bongais01,6-8
Isaac Bonga,bongais01,6-8
Lazaro Borrell,borrela01,6-8
Toumani Camara,camarto01,6-8
Vlatko Čančar,cancavl01,6-8
Vlatko Čančar,cancavl01,6-8
Vlatko Čančar,cancavl01,6-8
Vlatko Čančar,cancavl01,6-8
Sidy Cissoko,cissosi01,6-8
Brandon Clarke,clarkbr01,6-8
Brandon Clarke,clarkbr01,6-8
Brandon Clarke,clarkbr01,6-8
Brandon Clarke,clarkbr01,6-8
Brandon Clarke,clarkbr01,6-8
Xavier Cooks,cooksxa01,6-8
Dyson Daniels,daniedy01,6-8
Dyson Daniels,daniedy01,6-8
Gigi Datome,datomlu01,6-8
Gigi Datome,datomlu01,6-8
Gabriel Deck,deckga01,6-8
Gabriel Deck,deckga01,6-8
Cheick Diallo,diallch01,6-8
Cheick Diallo,diallch01,6-8
Cheick Diallo,diallch01,6-8
Cheick Diallo,diallch01,6-8
Cheick Diallo,diallch01,6-8
Boris Diaw,diawbo01,6-8
Boris Diaw,diawbo01,6-8
Boris Diaw,diawbo01,6-8
Boris Diaw,diawbo01,6-8
Boris Diaw,diawbo01,6-8
Boris Diaw,diawbo01,6-8
Boris Diaw,diawbo01,6-8
Boris Diaw,diawbo01,6-8
Boris Diaw,diawbo01,6-8
Boris Diaw,diawbo01,6-8
Boris Diaw,diawbo01,6-8
Boris Diaw,diawbo01,6-8
Boris Diaw,diawbo01,6-8
Boris Diaw,diawbo01,6-8
Sekou Doumbouya,doumbse01,6-8
Sekou Doumbouya,doumbse01,6-8
Sekou Doumbouya,doumbse01,6-8
Kenton Edelin,edelike01,6-8
Simone Fontecchio,fontesi01,6-8
Simone Fontecchio,fontesi01,6-8
Usman Garuba,garubus01,6-8
Usman Garuba,garubus01,6-8
Usman Garuba,garubus01,6-8
Josh Giddey,giddejo01,6-8
Josh Giddey,giddejo01,6-8
Josh Giddey,giddejo01,6-8
Georgi Glouchkov,gloucge01,6-8
Rui Hachimura,hachiru01,6-8
Rui Hachimura,hachiru01,6-8
Rui Hachimura,hachiru01,6-8
Rui Hachimura,hachiru01,6-8
Rui Hachimura,hachiru01,6-8
Elias Harris,harriel01,6-8
Mario Hezonja,hezonma01,6-8
Mario Hezonja,hezonma01,6-8
Mario Hezonja,hezonma01,6-8
Mario Hezonja,hezonma01,6-8
Mario Hezonja,hezonma01,6-8
Jaylen Hoard,hoardja01,6-8
Jaylen Hoard,hoardja01,6-8
Jaylen Hoard,hoardja01,6-8
Bob Houbregs,houbrbo01,6-8
Bob Houbregs,houbrbo01,6-8
Bob Houbregs,houbrbo01,6-8
Bob Houbregs,houbrbo01,6-8
Bob Houbregs,houbrbo01,6-8
Caleb Houstan,houstca01,6-8
Caleb Houstan,houstca01,6-8
William Howard,howarwi01,6-8
Damien Inglis,inglida01,6-8
Georgios Kalaitzakis,kalaige01,6-8
Linas Kleiza,kleizli01,6-8
Linas Kleiza,kleizli01,6-8
Linas Kleiza,kleizli01,6-8
Linas Kleiza,kleizli01,6-8
Linas Kleiza,kleizli01,6-8
Linas Kleiza,kleizli01,6-8
Linas Kleiza,kleizli01,6-8
Vit Krejci,krejcvi01,6-8
Vit Krejci,krejcvi01,6-8
Vit Krejci,krejcvi01,6-8
Jonathan Kuminga,kuminjo01,6-8
Jonathan Kuminga,kuminjo01,6-8
Jonathan Kuminga,kuminjo01,6-8
Stéphane Lasme,lasmest01,6-8
Ian Lockhart,lockhia01,6-8
Luc Mbah a Moute,mbahalu01,6-8
Luc Mbah a Moute,mbahalu01,6-8
Luc Mbah a Moute,mbahalu01,6-8
Luc Mbah a Moute,mbahalu01,6-8
Luc Mbah a Moute,mbahalu01,6-8
Luc Mbah a Moute,mbahalu01,6-8
Luc Mbah a Moute,mbahalu01,6-8
Luc Mbah a Moute,mbahalu01,6-8
Luc Mbah a Moute,mbahalu01,6-8
Luc Mbah a Moute,mbahalu01,6-8
Luc Mbah a Moute,mbahalu01,6-8
Luc Mbah a Moute,mbahalu01,6-8
Nathan Mensah,mensana01,6-8
Sergei Monia,moniase01,6-8
Eduardo Nájera,najered01,6-8
Eduardo Nájera,najered01,6-8
Eduardo Nájera,najered01,6-8
Eduardo Nájera,najered01,6-8
Eduardo Nájera,najered01,6-8
Eduardo Nájera,najered01,6-8
Eduardo Nájera,najered01,6-8
Eduardo Nájera,najered01,6-8
Eduardo Nájera,najered01,6-8
Eduardo Nájera,najered01,6-8
Eduardo Nájera,najered01,6-8
Eduardo Nájera,najered01,6-8
Makhtar N'Diaye,ndiayma01,6-8
Kostas Papanikolaou,papanko01,6-8
Kostas Papanikolaou,papanko01,6-8
Sasha Pavlović,pavloal01,6-8
Sasha Pavlović,pavloal01,6-8
Sasha Pavlović,pavloal01,6-8
Sasha Pavlović,pavloal01,6-8
Sasha Pavlović,pavloal01,6-8
Sasha Pavlović,pavloal01,6-8
Sasha Pavlović,pavloal01,6-8
Sasha Pavlović,pavloal01,6-8
Sasha Pavlović,pavloal01,6-8
Sasha Pavlović,pavloal01,6-8
Mãozinha Pereira,pereima01,6-8
Olivier-Maxence Prosper,prospol01,6-8
Leo Rautins,rautile01,6-8
Leo Rautins,rautile01,6-8
Gui Santos,santogu01,6-8
Pascal Siakam,siakapa01,6-8
Pascal Siakam,siakapa01,6-8
Pascal Siakam,siakapa01,6-8
Pascal Siakam,siakapa01,6-8
Pascal Siakam,siakapa01,6-8
Pascal Siakam,siakapa01,6-8
Pascal Siakam,siakapa01,6-8
Pascal Siakam,siakapa01,6-8
Chris Silva,silvach01,6-8
Chris Silva,silvach01,6-8
Chris Silva,silvach01,6-8
Chris Silva,silvach01,6-8
Deividas Sirvydis,sirvyde01,6-8
Deividas Sirvydis,sirvyde01,6-8
Daniel Theis,theisda01,6-8
Daniel Theis,theisda01,6-8
Daniel Theis,theisda01,6-8
Daniel Theis,theisda01,6-8
Daniel Theis,theisda01,6-8
Daniel Theis,theisda01,6-8
Daniel Theis,theisda01,6-8
Kiki Vandeweghe,vandeki01,6-8
Kiki Vandeweghe,vandeki01,6-8
Kiki Vandeweghe,vandeki01,6-8
Kiki Vandeweghe,vandeki01,6-8
Kiki Vandeweghe,vandeki01,6-8
Kiki Vandeweghe,vandeki01,6-8
Kiki Vandeweghe,vandeki01,6-8
Kiki Vandeweghe,vandeki01,6-8
Kiki Vandeweghe,vandeki01,6-8
Kiki Vandeweghe,vandeki01,6-8
Kiki Vandeweghe,vandeki01,6-8
Kiki Vandeweghe,vandeki01,6-8
Kiki Vandeweghe,vandeki01,6-8
Marcus Vinicius,vincima01,6-8
Marcus Vinicius,vincima01,6-8
Dominique Wilkins,wilkido01,6-8
Dominique Wilkins,wilkido01,6-8
Dominique Wilkins,wilkido01,6-8
Dominique Wilkins,wilkido01,6-8
Dominique Wilkins,wilkido01,6-8
Dominique Wilkins,wilkido01,6-8
Dominique Wilkins,wilkido01,6-8
Dominique Wilkins,wilkido01,6-8
Dominique Wilkins,wilkido01,6-8
Dominique Wilkins,wilkido01,6-8
Dominique Wilkins,wilkido01,6-8
Dominique Wilkins,wilkido01,6-8
Dominique Wilkins,wilkido01,6-8
Dominique Wilkins,wilkido01,6-8
Dominique Wilkins,wilkido01,6-8
Guerschon Yabusele,yabusgu01,6-8
Guerschon Yabusele,yabusgu01,6-8
Paul Zipser,zipsepa01,6-8
Paul Zipser,zipsepa01,6-8
Deng Adel,adelde01,6-7
Thanasis Antetokounmpo,antetth01,6-7
Thanasis Antetokounmpo,antetth01,6-7
Thanasis Antetokounmpo,antetth01,6-7
Thanasis Antetokounmpo,antetth01,6-7
Thanasis Antetokounmpo,antetth01,6-7
Thanasis Antetokounmpo,antetth01,6-7
OG Anunoby,anunoog01,6-7
OG Anunoby,anunoog01,6-7
OG Anunoby,anunoog01,6-7
OG Anunoby,anunoog01,6-7
OG Anunoby,anunoog01,6-7
OG Anunoby,anunoog01,6-7
OG Anunoby,anunoog01,6-7
Bojan Bogdanović,bogdabo02,6-7
Bojan Bogdanović,bogdabo02,6-7
Bojan Bogdanović,bogdabo02,6-7
Bojan Bogdanović,bogdabo02,6-7
Bojan Bogdanović,bogdabo02,6-7
Bojan Bogdanović,bogdabo02,6-7
Bojan Bogdanović,bogdabo02,6-7
Bojan Bogdanović,bogdabo02,6-7
Bojan Bogdanović,bogdabo02,6-7
Bojan Bogdanović,bogdabo02,6-7
Oshae Brissett,brissos01,6-7
Oshae Brissett,brissos01,6-7
Oshae Brissett,brissos01,6-7
Oshae Brissett,brissos01,6-7
Oshae Brissett,brissos01,6-7
John Brown,brownjo01,6-7
John Brown,brownjo01,6-7
John Brown,brownjo01,6-7
John Brown,brownjo01,6-7
John Brown,brownjo01,6-7
John Brown,brownjo01,6-7
John Brown,brownjo01,6-7
Nicolás Brussino,brussni01,6-7
Nicolás Brussino,brussni01,6-7
Dexter Cambridge,cambrde01,6-7
Yakhouba Diawara,diawaya01,6-7
Yakhouba Diawara,diawaya01,6-7
Yakhouba Diawara,diawaya01,6-7
Yakhouba Diawara,diawaya01,6-7
Luka Dončić,doncilu01,6-7
Luka Dončić,doncilu01,6-7
Luka Dončić,doncilu01,6-7
Luka Dončić,doncilu01,6-7
Luka Dončić,doncilu01,6-7
Luka Dončić,doncilu01,6-7
Gary Forbes,forbega01,6-7
Gary Forbes,forbega01,6-7
Rick Fox,foxri01,6-7
Rick Fox,foxri01,6-7
Rick Fox,foxri01,6-7
Rick Fox,foxri01,6-7
Rick Fox,foxri01,6-7
Rick Fox,foxri01,6-7
Rick Fox,foxri01,6-7
Rick Fox,foxri01,6-7
Rick Fox,foxri01,6-7
Rick Fox,foxri01,6-7
Rick Fox,foxri01,6-7
Rick Fox,foxri01,6-7
Rick Fox,foxri01,6-7
Francisco García,garcifr01,6-7
Francisco García,garcifr01,6-7
Francisco García,garcifr01,6-7
Francisco García,garcifr01,6-7
Francisco García,garcifr01,6-7
Francisco García,garcifr01,6-7
Francisco García,garcifr01,6-7
Francisco García,garcifr01,6-7
Francisco García,garcifr01,6-7
Francisco García,garcifr01,6-7
Andrew Gaze,gazean01,6-7
Andrew Gaze,gazean01,6-7
Mickaël Gelabale,gelabmi01,6-7
Mickaël Gelabale,gelabmi01,6-7
Mickaël Gelabale,gelabmi01,6-7
Marko Jarić,jaricma01,6-7
Marko Jarić,jaricma01,6-7
Marko Jarić,jaricma01,6-7
Marko Jarić,jaricma01,6-7
Marko Jarić,jaricma01,6-7
Marko Jarić,jaricma01,6-7
Marko Jarić,jaricma01,6-7
Kris Joseph,josepkr01,6-7
Sergey Karasev,karasse01,6-7
Sergey Karasev,karasse01,6-7
Sergey Karasev,karasse01,6-7
Furkan Korkmaz,korkmfu01,6-7
Furkan Korkmaz,korkmfu01,6-7
Furkan Korkmaz,korkmfu01,6-7
Furkan Korkmaz,korkmfu01,6-7
Furkan Korkmaz,korkmfu01,6-7
Furkan Korkmaz,korkmfu01,6-7
Furkan Korkmaz,korkmfu01,6-7
Timothé Luwawu-Cabarrot,luwawti01,6-7
Timothé Luwawu-Cabarrot,luwawti01,6-7
Timothé Luwawu-Cabarrot,luwawti01,6-7
Timothé Luwawu-Cabarrot,luwawti01,6-7
Timothé Luwawu-Cabarrot,luwawti01,6-7
Timothé Luwawu-Cabarrot,luwawti01,6-7
Luis Montero,montelu01,6-7
Luis Montero,montelu01,6-7
Svi Mykhailiuk,mykhasv01,6-7
Svi Mykhailiuk,mykhasv01,6-7
Svi Mykhailiuk,mykhasv01,6-7
Svi Mykhailiuk,mykhasv01,6-7
Svi Mykhailiuk,mykhasv01,6-7
Svi Mykhailiuk,mykhasv01,6-7
Andrés Nocioni,nocioan01,6-7
Andrés Nocioni,nocioan01,6-7
Andrés Nocioni,nocioan01,6-7
Andrés Nocioni,nocioan01,6-7
Andrés Nocioni,nocioan01,6-7
Andrés Nocioni,nocioan01,6-7
Andrés Nocioni,nocioan01,6-7
Andrés Nocioni,nocioan01,6-7
Eugene Omoruyi,omorueu01,6-7
Eugene Omoruyi,omorueu01,6-7
Eugene Omoruyi,omorueu01,6-7
Cedi Osman,osmande01,6-7
Cedi Osman,osmande01,6-7
Cedi Osman,osmande01,6-7
Cedi Osman,osmande01,6-7
Cedi Osman,osmande01,6-7
Cedi Osman,osmande01,6-7
Cedi Osman,osmande01,6-7
Zoran Planinić,planizo01,6-7
Zoran Planinić,planizo01,6-7
Zoran Planinić,planizo01,6-7
Antoine Rigaudeau,rigauan01,6-7
Tomáš Satoranský,satorto01,6-7
Tomáš Satoranský,satorto01,6-7
Tomáš Satoranský,satorto01,6-7
Tomáš Satoranský,satorto01,6-7
Tomáš Satoranský,satorto01,6-7
Tomáš Satoranský,satorto01,6-7
Pape Sy,sypa01,6-7
Wally Szczerbiak,szczewa02,6-7
Wally Szczerbiak,szczewa02,6-7
Wally Szczerbiak,szczewa02,6-7
Wally Szczerbiak,szczewa02,6-7
Wally Szczerbiak,szczewa02,6-7
Wally Szczerbiak,szczewa02,6-7
Wally Szczerbiak,szczewa02,6-7
Wally Szczerbiak,szczewa02,6-7
Wally Szczerbiak,szczewa02,6-7
Wally Szczerbiak,szczewa02,6-7
Jeff Taylor,tayloje03,6-7
Jeff Taylor,tayloje03,6-7
Jeff Taylor,tayloje03,6-7
Axel Toupane,toupaax01,6-7
Axel Toupane,toupaax01,6-7
Axel Toupane,toupaax01,6-7
Sasha Vujačić,vujacsa01,6-7
Sasha Vujačić,vujacsa01,6-7
Sasha Vujačić,vujacsa01,6-7
Sasha Vujačić,vujacsa01,6-7
Sasha Vujačić,vujacsa01,6-7
Sasha Vujačić,vujacsa01,6-7
Sasha Vujačić,vujacsa01,6-7
Sasha Vujačić,vujacsa01,6-7
Sasha Vujačić,vujacsa01,6-7
Sasha Vujačić,vujacsa01,6-7
Jiří Welsch,welscji01,6-7
Jiří Welsch,welscji01,6-7
Jiří Welsch,welscji01,6-7
Jiří Welsch,welscji01,6-7
Jack White,whiteja03,6-7
Jack White,whiteja03,6-7
Andrew Wiggins,wiggian01,6-7
Andrew Wiggins,wiggian01,6-7
Andrew Wiggins,wiggian01,6-7
Andrew Wiggins,wiggian01,6-7
Andrew Wiggins,wiggian01,6-7
Andrew Wiggins,wiggian01,6-7
Andrew Wiggins,wiggian01,6-7
Andrew Wiggins,wiggian01,6-7
Andrew Wiggins,wiggian01,6-7
Andrew Wiggins,wiggian01,6-7
Tariq Abdul-Wahad,abdulta01,6-6
Tariq Abdul-Wahad,abdulta01,6-6
Tariq Abdul-Wahad,abdulta01,6-6
Tariq Abdul-Wahad,abdulta01,6-6
Tariq Abdul-Wahad,abdulta01,6-6
Tariq Abdul-Wahad,abdulta01,6-6
Álex Abrines,abrinal01,6-6
Álex Abrines,abrinal01,6-6
Álex Abrines,abrinal01,6-6
RJ Barrett,barrerj01,6-6
RJ Barrett,barrerj01,6-6
RJ Barrett,barrerj01,6-6
RJ Barrett,barrerj01,6-6
RJ Barrett,barrerj01,6-6
Hank Beenders,beendha01,6-6
Hank Beenders,beendha01,6-6
Hank Beenders,beendha01,6-6
Onuralp Bitim,bitimon01,6-6
Rolando Blackman,blackro01,6-6
Rolando Blackman,blackro01,6-6
Rolando Blackman,blackro01,6-6
Rolando Blackman,blackro01,6-6
Rolando Blackman,blackro01,6-6
Rolando Blackman,blackro01,6-6
Rolando Blackman,blackro01,6-6
Rolando Blackman,blackro01,6-6
Rolando Blackman,blackro01,6-6
Rolando Blackman,blackro01,6-6
Rolando Blackman,blackro01,6-6
Rolando Blackman,blackro01,6-6
Rolando Blackman,blackro01,6-6
Leandro Bolmaro,bolmale01,6-6
Leandro Bolmaro,bolmale01,6-6
Ignas Brazdeikis,brazdig01,6-6
Ignas Brazdeikis,brazdig01,6-6
Ignas Brazdeikis,brazdig01,6-6
Ryan Broekhoff,broekry01,6-6
Ryan Broekhoff,broekry01,6-6
Dillon Brooks,brookdi01,6-6
Dillon Brooks,brookdi01,6-6
Dillon Brooks,brookdi01,6-6
Dillon Brooks,brookdi01,6-6
Dillon Brooks,brookdi01,6-6
Dillon Brooks,brookdi01,6-6
Dillon Brooks,brookdi01,6-6
Steve Bucknall,bucknst01,6-6
Malcolm Cazalon,cazalma01,6-6
Bilal Coulibaly,coulibi01,6-6
Nate Darling,darlina01,6-6
Carlos Delfino,delfica01,6-6
Carlos Delfino,delfica01,6-6
Carlos Delfino,delfica01,6-6
Carlos Delfino,delfica01,6-6
Carlos Delfino,delfica01,6-6
Carlos Delfino,delfica01,6-6
Carlos Delfino,delfica01,6-6
Carlos Delfino,delfica01,6-6
Chris Duarte,duartch01,6-6
Chris Duarte,duartch01,6-6
Chris Duarte,duartch01,6-6
Rudy Fernández,fernaru01,6-6
Rudy Fernández,fernaru01,6-6
Rudy Fernández,fernaru01,6-6
Rudy Fernández,fernaru01,6-6
Evan Fournier,fournev01,6-6
Evan Fournier,fournev01,6-6
Evan Fournier,fournev01,6-6
Evan Fournier,fournev01,6-6
Evan Fournier,fournev01,6-6
Evan Fournier,fournev01,6-6
Evan Fournier,fournev01,6-6
Evan Fournier,fournev01,6-6
Evan Fournier,fournev01,6-6
Evan Fournier,fournev01,6-6
Evan Fournier,fournev01,6-6
Evan Fournier,fournev01,6-6
Patricio Garino,garinpa01,6-6
Shai Gilgeous-Alexander,gilgesh01,6-6
Shai Gilgeous-Alexander,gilgesh01,6-6
Shai Gilgeous-Alexander,gilgesh01,6-6
Shai Gilgeous-Alexander,gilgesh01,6-6
Shai Gilgeous-Alexander,gilgesh01,6-6
Shai Gilgeous-Alexander,gilgesh01,6-6
Manu Ginóbili,ginobma01,6-6
Manu Ginóbili,ginobma01,6-6
Manu Ginóbili,ginobma01,6-6
Manu Ginóbili,ginobma01,6-6
Manu Ginóbili,ginobma01,6-6
Manu Ginóbili,ginobma01,6-6
Manu Ginóbili,ginobma01,6-6
Manu Ginóbili,ginobma01,6-6
Manu Ginóbili,ginobma01,6-6
Manu Ginóbili,ginobma01,6-6
Manu Ginóbili,ginobma01,6-6
Manu Ginóbili,ginobma01,6-6
Manu Ginóbili,ginobma01,6-6
Manu Ginóbili,ginobma01,6-6
Manu Ginóbili,ginobma01,6-6
Manu Ginóbili,ginobma01,6-6
Gordan Giriček,giricgo01,6-6
Gordan Giriček,giricgo01,6-6
Gordan Giriček,giricgo01,6-6
Gordan Giriček,giricgo01,6-6
Gordan Giriček,giricgo01,6-6
Gordan Giriček,giricgo01,6-6
Ernie Grunfeld,grunfer01,6-6
Ernie Grunfeld,grunfer01,6-6
Ernie Grunfeld,grunfer01,6-6
Ernie Grunfeld,grunfer01,6-6
Ernie Grunfeld,grunfer01,6-6
Ernie Grunfeld,grunfer01,6-6
Ernie Grunfeld,grunfer01,6-6
Ernie Grunfeld,grunfer01,6-6
Ernie Grunfeld,grunfer01,6-6
Marko Gudurić,gudurma01,6-6
Xavier Henry,henryxa01,6-6
Xavier Henry,henryxa01,6-6
Xavier Henry,henryxa01,6-6
Xavier Henry,henryxa01,6-6
Xavier Henry,henryxa01,6-6
Ibo Kutluay,kutluib01,6-6
A.J. Lawson,lawsoaj01,6-6
A.J. Lawson,lawsoaj01,6-6
Bennedict Mathurin,mathube01,6-6
Bennedict Mathurin,mathube01,6-6
Tom Meschery,meschto01,6-6
Tom Meschery,meschto01,6-6
Tom Meschery,meschto01,6-6
Tom Meschery,meschto01,6-6
Tom Meschery,meschto01,6-6
Tom Meschery,meschto01,6-6
Tom Meschery,meschto01,6-6
Tom Meschery,meschto01,6-6
Tom Meschery,meschto01,6-6
Tom Meschery,meschto01,6-6
Marko Milič,milicma01,6-6
Marko Milič,milicma01,6-6
Chima Moneke,monekch01,6-6
Mickaël Piétrus,pietrmi01,6-6
Mickaël Piétrus,pietrmi01,6-6
Mickaël Piétrus,pietrmi01,6-6
Mickaël Piétrus,pietrmi01,6-6
Mickaël Piétrus,pietrmi01,6-6
Mickaël Piétrus,pietrmi01,6-6
Mickaël Piétrus,pietrmi01,6-6
Mickaël Piétrus,pietrmi01,6-6
Mickaël Piétrus,pietrmi01,6-6
Mickaël Piétrus,pietrmi01,6-6
Yves Pons,ponsyv01,6-6
Joshua Primo,primojo01,6-6
Joshua Primo,primojo01,6-6
Joshua Primo,primojo01,6-6
Rayan Rupert,ruperra01,6-6
Predrag Savović,savovpr01,6-6
Thabo Sefolosha,sefolth01,6-6
Thabo Sefolosha,sefolth01,6-6
Thabo Sefolosha,sefolth01,6-6
Thabo Sefolosha,sefolth01,6-6
Thabo Sefolosha,sefolth01,6-6
Thabo Sefolosha,sefolth01,6-6
Thabo Sefolosha,sefolth01,6-6
Thabo Sefolosha,sefolth01,6-6
Thabo Sefolosha,sefolth01,6-6
Thabo Sefolosha,sefolth01,6-6
Thabo Sefolosha,sefolth01,6-6
Thabo Sefolosha,sefolth01,6-6
Thabo Sefolosha,sefolth01,6-6
Thabo Sefolosha,sefolth01,6-6
Shaedon Sharpe,sharpsh01,6-6
Shaedon Sharpe,sharpsh01,6-6
Alexey Shved,shvedal01,6-6
Alexey Shved,shvedal01,6-6
Alexey Shved,shvedal01,6-6
Nik Stauskas,stausni01,6-6
Nik Stauskas,stausni01,6-6
Nik Stauskas,stausni01,6-6
Nik Stauskas,stausni01,6-6
Nik Stauskas,stausni01,6-6
Nik Stauskas,stausni01,6-6
Óscar Torres,torreos01,6-6
Óscar Torres,torreos01,6-6
Greivis Vásquez,vasqugr01,6-6
Greivis Vásquez,vasqugr01,6-6
Greivis Vásquez,vasqugr01,6-6
Greivis Vásquez,vasqugr01,6-6
Greivis Vásquez,vasqugr01,6-6
Greivis Vásquez,vasqugr01,6-6
Greivis Vásquez,vasqugr01,6-6
Gundars Vētra,vetragu01,6-6
Nickeil Alexander-Walker,alexani01,6-5
Nickeil Alexander-Walker,alexani01,6-5
Nickeil Alexander-Walker,alexani01,6-5
Nickeil Alexander-Walker,alexani01,6-5
Nickeil Alexander-Walker,alexani01,6-5
Joel Ayayi,ayayijo01,6-5
Kelenna Azubuike,azubuke01,6-5
Kelenna Azubuike,azubuke01,6-5
Kelenna Azubuike,azubuke01,6-5
Kelenna Azubuike,azubuke01,6-5
Kelenna Azubuike,azubuke01,6-5
Marco Belinelli,belinma01,6-5
Marco Belinelli,belinma01,6-5
Marco Belinelli,belinma01,6-5
Marco Belinelli,belinma01,6-5
Marco Belinelli,belinma01,6-5
Marco Belinelli,belinma01,6-5
Marco Belinelli,belinma01,6-5
Marco Belinelli,belinma01,6-5
Marco Belinelli,belinma01,6-5
Marco Belinelli,belinma01,6-5
Marco Belinelli,belinma01,6-5
Marco Belinelli,belinma01,6-5
Marco Belinelli,belinma01,6-5
Raja Bell,bellra01,6-5
Raja Bell,bellra01,6-5
Raja Bell,bellra01,6-5
Raja Bell,bellra01,6-5
Raja Bell,bellra01,6-5
Raja Bell,bellra01,6-5
Raja Bell,bellra01,6-5
Raja Bell,bellra01,6-5
Raja Bell,bellra01,6-5
Raja Bell,bellra01,6-5
Raja Bell,bellra01,6-5
Raja Bell,bellra01,6-5
Bogdan Bogdanović,bogdabo01,6-5
Bogdan Bogdanović,bogdabo01,6-5
Bogdan Bogdanović,bogdabo01,6-5
Bogdan Bogdanović,bogdabo01,6-5
Bogdan Bogdanović,bogdabo01,6-5
Bogdan Bogdanović,bogdabo01,6-5
Bogdan Bogdanović,bogdabo01,6-5
Mitch Creek,creekmi01,6-5
Sasha Danilović,danilsa01,6-5
Sasha Danilović,danilsa01,6-5
Nando De Colo,decolna01,6-5
Nando De Colo,decolna01,6-5
Zoran Dragić,dragizo01,6-5
Dante Exum,exumda01,6-5
Dante Exum,exumda01,6-5
Dante Exum,exumda01,6-5
Dante Exum,exumda01,6-5
Dante Exum,exumda01,6-5
Dante Exum,exumda01,6-5
Dante Exum,exumda01,6-5
Christian Eyenga,eyengch01,6-5
Christian Eyenga,eyengch01,6-5
Josh Green,greenjo02,6-5
Josh Green,greenjo02,6-5
Josh Green,greenjo02,6-5
Josh Green,greenjo02,6-5
Felipe López,lopezfe01,6-5
Felipe López,lopezfe01,6-5
Felipe López,lopezfe01,6-5
Felipe López,lopezfe01,6-5
Didi Louzada,louzama01,6-5
Didi Louzada,louzama01,6-5
Šarūnas Marčiulionis,marcisa01,6-5
Šarūnas Marčiulionis,marcisa01,6-5
Šarūnas Marčiulionis,marcisa01,6-5
Šarūnas Marčiulionis,marcisa01,6-5
Šarūnas Marčiulionis,marcisa01,6-5
Šarūnas Marčiulionis,marcisa01,6-5
Šarūnas Marčiulionis,marcisa01,6-5
Vasilije Micić,micicva01,6-5
Abdel Nader,naderab01,6-5
Abdel Nader,naderab01,6-5
Abdel Nader,naderab01,6-5
Abdel Nader,naderab01,6-5
Abdel Nader,naderab01,6-5
Andrew Nembhard,nembhan01,6-5
Andrew Nembhard,nembhan01,6-5
Kirk Penney,penneki01,6-5
Kirk Penney,penneki01,6-5
Dražen Petrović,petrodr01,6-5
Dražen Petrović,petrodr01,6-5
Dražen Petrović,petrodr01,6-5
Dražen Petrović,petrodr01,6-5
Admiral Schofield,schofad01,6-5
Admiral Schofield,schofad01,6-5
Admiral Schofield,schofad01,6-5
Admiral Schofield,schofad01,6-5
Marial Shayok,shayoma01,6-5
Miloš Teodosić,teodomi01,6-5
Miloš Teodosić,teodomi01,6-5
Roko Ukić,ukicro01,6-5
Roko Ukić,ukicro01,6-5
Dairis Bertāns,bertada02,6-4
Gian Clavell,clavegi01,6-4
Goran Dragić,dragigo01,6-4
Goran Dragić,dragigo01,6-4
Goran Dragić,dragigo01,6-4
Goran Dragić,dragigo01,6-4
Goran Dragić,dragigo01,6-4
Goran Dragić,dragigo01,6-4
Goran Dragić,dragigo01,6-4
Goran Dragić,dragigo01,6-4
Goran Dragić,dragigo01,6-4
Goran Dragić,dragigo01,6-4
Goran Dragić,dragigo01,6-4
Goran Dragić,dragigo01,6-4
Goran Dragić,dragigo01,6-4
Goran Dragić,dragigo01,6-4
Goran Dragić,dragigo01,6-4
Jo Jo English,englijo01,6-4
Jo Jo English,englijo01,6-4
Jo Jo English,englijo01,6-4
Buddy Hield,hieldbu01,6-4
Buddy Hield,hieldbu01,6-4
Buddy Hield,hieldbu01,6-4
Buddy Hield,hieldbu01,6-4
Buddy Hield,hieldbu01,6-4
Buddy Hield,hieldbu01,6-4
Buddy Hield,hieldbu01,6-4
Buddy Hield,hieldbu01,6-4
D'Moi Hodge,hodgedm01,6-4
Šarūnas Jasikevičius,jasiksa01,6-4
Šarūnas Jasikevičius,jasiksa01,6-4
Nicolás Laprovíttola,laproni01,6-4
Gabriel Lundberg,lundbga01,6-4
Arvydas Macijauskas,macijar01,6-4
Théo Maledon,maledth01,6-4
Théo Maledon,maledth01,6-4
Théo Maledon,maledth01,6-4
Théo Maledon,maledth01,6-4
Adam Mokoka,mokokad01,6-4
Adam Mokoka,mokokad01,6-4
Jamal Murray,murraja01,6-4
Jamal Murray,murraja01,6-4
Jamal Murray,murraja01,6-4
Jamal Murray,murraja01,6-4
Jamal Murray,murraja01,6-4
Jamal Murray,murraja01,6-4
Jamal Murray,murraja01,6-4
Frank Ntilikina,ntilila01,6-4
Frank Ntilikina,ntilila01,6-4
Frank Ntilikina,ntilila01,6-4
Frank Ntilikina,ntilila01,6-4
Frank Ntilikina,ntilila01,6-4
Frank Ntilikina,ntilila01,6-4
Frank Ntilikina,ntilila01,6-4
Josh Okogie,okogijo01,6-4
Josh Okogie,okogijo01,6-4
Josh Okogie,okogijo01,6-4
Josh Okogie,okogijo01,6-4
Josh Okogie,okogijo01,6-4
Josh Okogie,okogijo01,6-4
Xavier Rathan-Mayes,rathaxa01,6-4
Pepe Sánchez,sanchpe01,6-4
Pepe Sánchez,sanchpe01,6-4
Vassilis Spanoulis,spanova01,6-4
Cam Thomas,thomaca02,6-4
Cam Thomas,thomaca02,6-4
Cam Thomas,thomaca02,6-4
Duane Washington,washidu01,6-4
Duane Washington,washidu01,6-4
Leandro Barbosa,barbole01,6-3
Leandro Barbosa,barbole01,6-3
Leandro Barbosa,barbole01,6-3
Leandro Barbosa,barbole01,6-3
Leandro Barbosa,barbole01,6-3
Leandro Barbosa,barbole01,6-3
Leandro Barbosa,barbole01,6-3
Leandro Barbosa,barbole01,6-3
Leandro Barbosa,barbole01,6-3
Leandro Barbosa,barbole01,6-3
Leandro Barbosa,barbole01,6-3
Leandro Barbosa,barbole01,6-3
Leandro Barbosa,barbole01,6-3
Leandro Barbosa,barbole01,6-3
José Calderón,caldejo01,6-3
José Calderón,caldejo01,6-3
José Calderón,caldejo01,6-3
José Calderón,caldejo01,6-3
José Calderón,caldejo01,6-3
José Calderón,caldejo01,6-3
José Calderón,caldejo01,6-3
José Calderón,caldejo01,6-3
José Calderón,caldejo01,6-3
José Calderón,caldejo01,6-3
José Calderón,caldejo01,6-3
José Calderón,caldejo01,6-3
José Calderón,caldejo01,6-3
José Calderón,caldejo01,6-3
Ken Charles,charlke01,6-3
Ken Charles,charlke01,6-3
Ken Charles,charlke01,6-3
Ken Charles,charlke01,6-3
Ken Charles,charlke01,6-3
Matthew Dellavedova,dellama01,6-3
Matthew Dellavedova,dellama01,6-3
Matthew Dellavedova,dellama01,6-3
Matthew Dellavedova,dellama01,6-3
Matthew Dellavedova,dellama01,6-3
Matthew Dellavedova,dellama01,6-3
Matthew Dellavedova,dellama01,6-3
Matthew Dellavedova,dellama01,6-3
Matthew Dellavedova,dellama01,6-3
Luguentz Dort,dortlu01,6-3
Luguentz Dort,dortlu01,6-3
Luguentz Dort,dortlu01,6-3
Luguentz Dort,dortlu01,6-3
Luguentz Dort,dortlu01,6-3
Tyler Ennis,ennisty01,6-3
Tyler Ennis,ennisty01,6-3
Tyler Ennis,ennisty01,6-3
Tyler Ennis,ennisty01,6-3
Vincenzo Esposito,esposvi01,6-3
Alex Garcia,garcial01,6-3
Alex Garcia,garcial01,6-3
Ben Gordon,gordobe01,6-3
Ben Gordon,gordobe01,6-3
Ben Gordon,gordobe01,6-3
Ben Gordon,gordobe01,6-3
Ben Gordon,gordobe01,6-3
Ben Gordon,gordobe01,6-3
Ben Gordon,gordobe01,6-3
Ben Gordon,gordobe01,6-3
Ben Gordon,gordobe01,6-3
Ben Gordon,gordobe01,6-3
Ben Gordon,gordobe01,6-3
Stewart Granger,grangst01,6-3
Stewart Granger,grangst01,6-3
Stewart Granger,grangst01,6-3
Jorge Gutiérrez,gutiejo01,6-3
Jorge Gutiérrez,gutiejo01,6-3
Jorge Gutiérrez,gutiejo01,6-3
Chris Harris,harrich01,6-3
Marcelo Huertas,huertma01,6-3
Marcelo Huertas,huertma01,6-3
Steve Kerr,kerrst01,6-3
Steve Kerr,kerrst01,6-3
Steve Kerr,kerrst01,6-3
Steve Kerr,kerrst01,6-3
Steve Kerr,kerrst01,6-3
Steve Kerr,kerrst01,6-3
Steve Kerr,kerrst01,6-3
Steve Kerr,kerrst01,6-3
Steve Kerr,kerrst01,6-3
Steve Kerr,kerrst01,6-3
Steve Kerr,kerrst01,6-3
Steve Kerr,kerrst01,6-3
Steve Kerr,kerrst01,6-3
Steve Kerr,kerrst01,6-3
Steve Kerr,kerrst01,6-3
Karim Mané,maneka01,6-3
Gal Mekel,mekelga01,6-3
Gal Mekel,mekelga01,6-3
Naz Mitrou-Long,mitrona01,6-3
Naz Mitrou-Long,mitrona01,6-3
Naz Mitrou-Long,mitrona01,6-3
Emmanuel Mudiay,mudiaem01,6-3
Emmanuel Mudiay,mudiaem01,6-3
Emmanuel Mudiay,mudiaem01,6-3
Emmanuel Mudiay,mudiaem01,6-3
Emmanuel Mudiay,mudiaem01,6-3
Emmanuel Mudiay,mudiaem01,6-3
Mychal Mulder,muldemy01,6-3
Mychal Mulder,muldemy01,6-3
Mychal Mulder,muldemy01,6-3
Steve Nash,nashst01,6-3
Steve Nash,nashst01,6-3
Steve Nash,nashst01,6-3
Steve Nash,nashst01,6-3
Steve Nash,nashst01,6-3
Steve Nash,nashst01,6-3
Steve Nash,nashst01,6-3
Steve Nash,nashst01,6-3
Steve Nash,nashst01,6-3
Steve Nash,nashst01,6-3
Steve Nash,nashst01,6-3
Steve Nash,nashst01,6-3
Steve Nash,nashst01,6-3
Steve Nash,nashst01,6-3
Steve Nash,nashst01,6-3
Steve Nash,nashst01,6-3
Steve Nash,nashst01,6-3
Steve Nash,nashst01,6-3
Juan Carlos Navarro,navarju01,6-3
Nemanja Nedović,nedovne01,6-3
Elie Okobo,okoboel01,6-3
Elie Okobo,okoboel01,6-3
Pablo Prigioni,prigipa01,6-3
Pablo Prigioni,prigipa01,6-3
Pablo Prigioni,prigipa01,6-3
Pablo Prigioni,prigipa01,6-3
Igor Rakočević,rakocig01,6-3
Sergio Rodríguez,rodrise01,6-3
Sergio Rodríguez,rodrise01,6-3
Sergio Rodríguez,rodrise01,6-3
Sergio Rodríguez,rodrise01,6-3
Sergio Rodríguez,rodrise01,6-3
Miles Simon,simonmi01,6-3
Beno Udrih,udrihbe01,6-3
Beno Udrih,udrihbe01,6-3
Beno Udrih,udrihbe01,6-3
Beno Udrih,udrihbe01,6-3
Beno Udrih,udrihbe01,6-3
Beno Udrih,udrihbe01,6-3
Beno Udrih,udrihbe01,6-3
Beno Udrih,udrihbe01,6-3
Beno Udrih,udrihbe01,6-3
Beno Udrih,udrihbe01,6-3
Beno Udrih,udrihbe01,6-3
Beno Udrih,udrihbe01,6-3
Beno Udrih,udrihbe01,6-3
Ernie Vandeweghe,vandeer01,6-3
Ernie Vandeweghe,vandeer01,6-3
Ernie Vandeweghe,vandeer01,6-3
Ernie Vandeweghe,vandeer01,6-3
Ernie Vandeweghe,vandeer01,6-3
Ernie Vandeweghe,vandeer01,6-3
Duane Washington Jr.,washidu02,6-3
Duane Washington Jr.,washidu02,6-3
Carlos Arroyo,arroyca01,6-2
Carlos Arroyo,arroyca01,6-2
Carlos Arroyo,arroyca01,6-2
Carlos Arroyo,arroyca01,6-2
Carlos Arroyo,arroyca01,6-2
Carlos Arroyo,arroyca01,6-2
Carlos Arroyo,arroyca01,6-2
Carlos Arroyo,arroyca01,6-2
Carlos Arroyo,arroyca01,6-2
Sergei Bazarevich,bazarse01,6-2
Guillermo Díaz,diazgu01,6-2
Aleksandar Djordjevic,djordal01,6-2
Luis Flores,florelu01,6-2
Mike Flynn,flynnmi01,6-2
Mike Flynn,flynnmi01,6-2
Frido Frey,freyfr01,6-2
Kyrie Irving,irvinky01,6-2
Kyrie Irving,irvinky01,6-2
Kyrie Irving,irvinky01,6-2
Kyrie Irving,irvinky01,6-2
Kyrie Irving,irvinky01,6-2
Kyrie Irving,irvinky01,6-2
Kyrie Irving,irvinky01,6-2
Kyrie Irving,irvinky01,6-2
Kyrie Irving,irvinky01,6-2
Kyrie Irving,irvinky01,6-2
Kyrie Irving,irvinky01,6-2
Kyrie Irving,irvinky01,6-2
Kyrie Irving,irvinky01,6-2
Reggie Jackson,jacksre01,6-2
Reggie Jackson,jacksre01,6-2
Reggie Jackson,jacksre01,6-2
Reggie Jackson,jacksre01,6-2
Reggie Jackson,jacksre01,6-2
Reggie Jackson,jacksre01,6-2
Reggie Jackson,jacksre01,6-2
Reggie Jackson,jacksre01,6-2
Reggie Jackson,jacksre01,6-2
Reggie Jackson,jacksre01,6-2
Reggie Jackson,jacksre01,6-2
Reggie Jackson,jacksre01,6-2
Reggie Jackson,jacksre01,6-2
Cory Joseph,josepco01,6-2
Cory Joseph,josepco01,6-2
Cory Joseph,josepco01,6-2
Cory Joseph,josepco01,6-2
Cory Joseph,josepco01,6-2
Cory Joseph,josepco01,6-2
Cory Joseph,josepco01,6-2
Cory Joseph,josepco01,6-2
Cory Joseph,josepco01,6-2
Cory Joseph,josepco01,6-2
Cory Joseph,josepco01,6-2
Cory Joseph,josepco01,6-2
Cory Joseph,josepco01,6-2
Nico Mannion,mannini01,6-2
Patty Mills,millspa02,6-2
Patty Mills,millspa02,6-2
Patty Mills,millspa02,6-2
Patty Mills,millspa02,6-2
Patty Mills,millspa02,6-2
Patty Mills,millspa02,6-2
Patty Mills,millspa02,6-2
Patty Mills,millspa02,6-2
Patty Mills,millspa02,6-2
Patty Mills,millspa02,6-2
Patty Mills,millspa02,6-2
Patty Mills,millspa02,6-2
Patty Mills,millspa02,6-2
Patty Mills,millspa02,6-2
Patty Mills,millspa02,6-2
Jason Miskiri,miskija01,6-2
Kevin Pangos,pangoke01,6-2
Tony Parker,parketo01,6-2
Tony Parker,parketo01,6-2
Tony Parker,parketo01,6-2
Tony Parker,parketo01,6-2
Tony Parker,parketo01,6-2
Tony Parker,parketo01,6-2
Tony Parker,parketo01,6-2
Tony Parker,parketo01,6-2
Tony Parker,parketo01,6-2
Tony Parker,parketo01,6-2
Tony Parker,parketo01,6-2
Tony Parker,parketo01,6-2
Tony Parker,parketo01,6-2
Tony Parker,parketo01,6-2
Tony Parker,parketo01,6-2
Tony Parker,parketo01,6-2
Tony Parker,parketo01,6-2
Tony Parker,parketo01,6-2
Rumeal Robinson,robinru01,6-2
Rumeal Robinson,robinru01,6-2
Rumeal Robinson,robinru01,6-2
Rumeal Robinson,robinru01,6-2
Rumeal Robinson,robinru01,6-2
Rumeal Robinson,robinru01,6-2
Ricky Rubio,rubiori01,6-2
Ricky Rubio,rubiori01,6-2
Ricky Rubio,rubiori01,6-2
Ricky Rubio,rubiori01,6-2
Ricky Rubio,rubiori01,6-2
Ricky Rubio,rubiori01,6-2
Ricky Rubio,rubiori01,6-2
Ricky Rubio,rubiori01,6-2
Ricky Rubio,rubiori01,6-2
Ricky Rubio,rubiori01,6-2
Ricky Rubio,rubiori01,6-2
Ricky Rubio,rubiori01,6-2
Gino Sovran,sovragi01,6-2
Lindell Wigginton,wiggili01,6-2
Lindell Wigginton,wiggili01,6-2
Lindell Wigginton,wiggili01,6-2
Woody Grimshaw,grimswo01,6-1
Raül López,lopezra01,6-1
Raül López,lopezra01,6-1
Raul Neto,netora01,6-1
Raul Neto,netora01,6-1
Raul Neto,netora01,6-1
Raul Neto,netora01,6-1
Raul Neto,netora01,6-1
Raul Neto,netora01,6-1
Raul Neto,netora01,6-1
Raul Neto,netora01,6-1
Dennis Schröder,schrode01,6-1
Dennis Schröder,schrode01,6-1
Dennis Schröder,schrode01,6-1
Dennis Schröder,schrode01,6-1
Dennis Schröder,schrode01,6-1
Dennis Schröder,schrode01,6-1
Dennis Schröder,schrode01,6-1
Dennis Schröder,schrode01,6-1
Dennis Schröder,schrode01,6-1
Dennis Schröder,schrode01,6-1
Dennis Schröder,schrode01,6-1
Norm Baker,bakerno01,6-0
Rodrigue Beaubois,beaubro01,6-0
Rodrigue Beaubois,beaubro01,6-0
Rodrigue Beaubois,beaubro01,6-0
Rodrigue Beaubois,beaubro01,6-0
Shane Heal,healsh01,6-0
Shane Heal,healsh01,6-0
Butch Lee,leebu01,6-0
Butch Lee,leebu01,6-0
Johnny Macknowski,macknjo01,6-0
Johnny Macknowski,macknjo01,6-0
Hank Biasatti,biasaha01,5-11
J.J. Barea,bareajo01,5-10
J.J. Barea,bareajo01,5-10
J.J. Barea,bareajo01,5-10
J.J. Barea,bareajo01,5-10
J.J. Barea,bareajo01,5-10
J.J. Barea,bareajo01,5-10
J.J. Barea,bareajo01,5-10
J.J. Barea,bareajo01,5-10
J.J. Barea,bareajo01,5-10
J.J. Barea,bareajo01,5-10
J.J. Barea,bareajo01,5-10
J.J. Barea,bareajo01,5-10
J.J. Barea,bareajo01,5-10
J.J. Barea,bareajo01,5-10
Facundo Campazzo,campafa01,5-10
Facundo Campazzo,campafa01,5-10
Facundo Campazzo,campafa01,5-10
Charlie Hoefer,hoefech01,5-9
Charlie Hoefer,hoefech01,5-9
Yuta Tabuse,tabusyu01,5-9
